
eLCDIF.elf:     file format elf32-littlearm


Disassembly of section .text:

87800000 <_start>:
87800000:	e59ff124 	ldr	pc, [pc, #292]	; 8780012c <FIQ_Handler+0x8>
87800004:	e59ff124 	ldr	pc, [pc, #292]	; 87800130 <FIQ_Handler+0xc>
87800008:	e59ff124 	ldr	pc, [pc, #292]	; 87800134 <FIQ_Handler+0x10>
8780000c:	e59ff124 	ldr	pc, [pc, #292]	; 87800138 <FIQ_Handler+0x14>
87800010:	e59ff124 	ldr	pc, [pc, #292]	; 8780013c <FIQ_Handler+0x18>
87800014:	e59ff124 	ldr	pc, [pc, #292]	; 87800140 <FIQ_Handler+0x1c>
87800018:	e59ff124 	ldr	pc, [pc, #292]	; 87800144 <FIQ_Handler+0x20>
8780001c:	e59ff124 	ldr	pc, [pc, #292]	; 87800148 <FIQ_Handler+0x24>

87800020 <Reset_Handler>:
87800020:	f10c0080 	cpsid	i
87800024:	ee110f10 	mrc	15, 0, r0, cr1, cr0, {0}
87800028:	e3c00a01 	bic	r0, r0, #4096	; 0x1000
8780002c:	e3c00004 	bic	r0, r0, #4
87800030:	e3c00002 	bic	r0, r0, #2
87800034:	e3c00b02 	bic	r0, r0, #2048	; 0x800
87800038:	e3c00001 	bic	r0, r0, #1
8780003c:	ee010f10 	mcr	15, 0, r0, cr1, cr0, {0}
87800040:	e59f0104 	ldr	r0, [pc, #260]	; 8780014c <FIQ_Handler+0x28>
87800044:	f57ff04f 	dsb	sy
87800048:	f57ff06f 	isb	sy
8780004c:	ee0c0f10 	mcr	15, 0, r0, cr12, cr0, {0}
87800050:	f57ff04f 	dsb	sy
87800054:	f57ff06f 	isb	sy
87800058:	e10f0000 	mrs	r0, CPSR
8780005c:	e3c0001f 	bic	r0, r0, #31
87800060:	e3800012 	orr	r0, r0, #18
87800064:	e129f000 	msr	CPSR_fc, r0
87800068:	e59fd0e0 	ldr	sp, [pc, #224]	; 87800150 <FIQ_Handler+0x2c>
8780006c:	e10f0000 	mrs	r0, CPSR
87800070:	e3c0001f 	bic	r0, r0, #31
87800074:	e380001f 	orr	r0, r0, #31
87800078:	e129f000 	msr	CPSR_fc, r0
8780007c:	e59fd0d0 	ldr	sp, [pc, #208]	; 87800154 <FIQ_Handler+0x30>
87800080:	e10f0000 	mrs	r0, CPSR
87800084:	e3c0001f 	bic	r0, r0, #31
87800088:	e3800013 	orr	r0, r0, #19
8780008c:	e129f000 	msr	CPSR_fc, r0
87800090:	e59fd0c0 	ldr	sp, [pc, #192]	; 87800158 <FIQ_Handler+0x34>
87800094:	f1080080 	cpsie	i
87800098:	e10f0000 	mrs	r0, CPSR
8780009c:	e3c00080 	bic	r0, r0, #128	; 0x80
878000a0:	e129f000 	msr	CPSR_fc, r0
878000a4:	ea000ae5 	b	87802c40 <__main_from_arm>

878000a8 <Undefined_Handler>:
878000a8:	e59f0080 	ldr	r0, [pc, #128]	; 87800130 <FIQ_Handler+0xc>
878000ac:	e12fff10 	bx	r0

878000b0 <SVC_Handler>:
878000b0:	e59f007c 	ldr	r0, [pc, #124]	; 87800134 <FIQ_Handler+0x10>
878000b4:	e12fff10 	bx	r0

878000b8 <PrefAbort_Handler>:
878000b8:	e59f0078 	ldr	r0, [pc, #120]	; 87800138 <FIQ_Handler+0x14>
878000bc:	e12fff10 	bx	r0

878000c0 <DataAbort_Handler>:
878000c0:	e59f0074 	ldr	r0, [pc, #116]	; 8780013c <FIQ_Handler+0x18>
878000c4:	e12fff10 	bx	r0

878000c8 <NotUsed_Handler>:
878000c8:	e59f0070 	ldr	r0, [pc, #112]	; 87800140 <FIQ_Handler+0x1c>
878000cc:	e12fff10 	bx	r0

878000d0 <IRQ_Handler>:
878000d0:	e52de004 	push	{lr}		; (str lr, [sp, #-4]!)
878000d4:	e92d100f 	push	{r0, r1, r2, r3, ip}
878000d8:	e14f0000 	mrs	r0, SPSR
878000dc:	e52d0004 	push	{r0}		; (str r0, [sp, #-4]!)
878000e0:	ee9f1f10 	mrc	15, 4, r1, cr15, cr0, {0}
878000e4:	e2811a02 	add	r1, r1, #8192	; 0x2000
878000e8:	e591000c 	ldr	r0, [r1, #12]
878000ec:	e92d0003 	push	{r0, r1}
878000f0:	f1020013 	cps	#19
878000f4:	e52de004 	push	{lr}		; (str lr, [sp, #-4]!)
878000f8:	e59f205c 	ldr	r2, [pc, #92]	; 8780015c <FIQ_Handler+0x38>
878000fc:	e12fff32 	blx	r2
87800100:	e49de004 	pop	{lr}		; (ldr lr, [sp], #4)
87800104:	f1020012 	cps	#18
87800108:	e8bd0003 	pop	{r0, r1}
8780010c:	e5810010 	str	r0, [r1, #16]
87800110:	e49d0004 	pop	{r0}		; (ldr r0, [sp], #4)
87800114:	e16ff000 	msr	SPSR_fsxc, r0
87800118:	e8bd100f 	pop	{r0, r1, r2, r3, ip}
8780011c:	e49de004 	pop	{lr}		; (ldr lr, [sp], #4)
87800120:	e25ef004 	subs	pc, lr, #4

87800124 <FIQ_Handler>:
87800124:	e59f001c 	ldr	r0, [pc, #28]	; 87800148 <FIQ_Handler+0x24>
87800128:	e12fff10 	bx	r0
8780012c:	87800020 	strhi	r0, [r0, r0, lsr #32]
87800130:	878000a8 	strhi	r0, [r0, r8, lsr #1]
87800134:	878000b0 			; <UNDEFINED> instruction: 0x878000b0
87800138:	878000b8 			; <UNDEFINED> instruction: 0x878000b8
8780013c:	878000c0 	strhi	r0, [r0, r0, asr #1]
87800140:	878000c8 	strhi	r0, [r0, r8, asr #1]
87800144:	878000d0 			; <UNDEFINED> instruction: 0x878000d0
87800148:	87800124 	strhi	r0, [r0, r4, lsr #2]
8780014c:	87800000 	strhi	r0, [r0, r0]
87800150:	80600000 	rsbhi	r0, r0, r0
87800154:	80400000 	subhi	r0, r0, r0
87800158:	80200000 	eorhi	r0, r0, r0
8780015c:	87802009 	strhi	r2, [r0, r9]
87800160:	00001e41 	andeq	r1, r0, r1, asr #28
87800164:	61656100 	cmnvs	r5, r0, lsl #2
87800168:	01006962 	tsteq	r0, r2, ror #18
8780016c:	00000014 	andeq	r0, r0, r4, lsl r0
87800170:	412d3705 	teqmi	sp, r5, lsl #14
87800174:	070a0600 	streq	r0, [sl, -r0, lsl #12]
87800178:	09010841 	stmdbeq	r1, {r0, r6, fp}
8780017c:	00040a02 	andeq	r0, r4, r2, lsl #20

87800180 <__muldi3>:
87800180:	fb02 f101 	mul.w	r1, r2, r1
87800184:	b4f0      	push	{r4, r5, r6, r7}
87800186:	4604      	mov	r4, r0
87800188:	ea4f 4610 	mov.w	r6, r0, lsr #16
8780018c:	ea4f 4512 	mov.w	r5, r2, lsr #16
87800190:	ea20 4706 	bic.w	r7, r0, r6, lsl #16
87800194:	ea22 4205 	bic.w	r2, r2, r5, lsl #16
87800198:	fb07 f002 	mul.w	r0, r7, r2
8780019c:	fb06 f202 	mul.w	r2, r6, r2
878001a0:	fb05 f707 	mul.w	r7, r5, r7
878001a4:	fb06 f505 	mul.w	r5, r6, r5
878001a8:	19d7      	adds	r7, r2, r7
878001aa:	bf28      	it	cs
878001ac:	f505 3580 	addcs.w	r5, r5, #65536	; 0x10000
878001b0:	eb10 4007 	adds.w	r0, r0, r7, lsl #16
878001b4:	eb45 4517 	adc.w	r5, r5, r7, lsr #16
878001b8:	fb03 1104 	mla	r1, r3, r4, r1
878001bc:	4429      	add	r1, r5
878001be:	bcf0      	pop	{r4, r5, r6, r7}
878001c0:	4770      	bx	lr
878001c2:	bf00      	nop

878001c4 <__div64_32>:
878001c4:	e92d 4ff8 	stmdb	sp!, {r3, r4, r5, r6, r7, r8, r9, sl, fp, lr}
878001c8:	4688      	mov	r8, r1
878001ca:	e9d0 6700 	ldrd	r6, r7, [r0]
878001ce:	f04f 0b00 	mov.w	fp, #0
878001d2:	4681      	mov	r9, r0
878001d4:	468a      	mov	sl, r1
878001d6:	4644      	mov	r4, r8
878001d8:	465d      	mov	r5, fp
878001da:	42b9      	cmp	r1, r7
878001dc:	bf84      	itt	hi
878001de:	2200      	movhi	r2, #0
878001e0:	2300      	movhi	r3, #0
878001e2:	d80b      	bhi.n	878001fc <__div64_32+0x38>
878001e4:	4638      	mov	r0, r7
878001e6:	f002 fbe7 	bl	878029b8 <__aeabi_uidiv>
878001ea:	4686      	mov	lr, r0
878001ec:	2000      	movs	r0, #0
878001ee:	fb08 f10e 	mul.w	r1, r8, lr
878001f2:	1a36      	subs	r6, r6, r0
878001f4:	4602      	mov	r2, r0
878001f6:	4673      	mov	r3, lr
878001f8:	eb67 0701 	sbc.w	r7, r7, r1
878001fc:	45bb      	cmp	fp, r7
878001fe:	bf08      	it	eq
87800200:	45b2      	cmpeq	sl, r6
87800202:	bf34      	ite	cc
87800204:	2101      	movcc	r1, #1
87800206:	2100      	movcs	r1, #0
87800208:	f1ba 0f01 	cmp.w	sl, #1
8780020c:	f001 0101 	and.w	r1, r1, #1
87800210:	f17b 0000 	sbcs.w	r0, fp, #0
87800214:	f04f 0001 	mov.w	r0, #1
87800218:	bfb8      	it	lt
8780021a:	2100      	movlt	r1, #0
8780021c:	b371      	cbz	r1, 8780027c <__div64_32+0xb8>
8780021e:	2100      	movs	r1, #0
87800220:	1924      	adds	r4, r4, r4
87800222:	416d      	adcs	r5, r5
87800224:	1800      	adds	r0, r0, r0
87800226:	4149      	adcs	r1, r1
87800228:	2c01      	cmp	r4, #1
8780022a:	f175 0e00 	sbcs.w	lr, r5, #0
8780022e:	bfac      	ite	ge
87800230:	f04f 0e01 	movge.w	lr, #1
87800234:	f04f 0e00 	movlt.w	lr, #0
87800238:	42bd      	cmp	r5, r7
8780023a:	f00e 0e01 	and.w	lr, lr, #1
8780023e:	bf08      	it	eq
87800240:	42b4      	cmpeq	r4, r6
87800242:	bf28      	it	cs
87800244:	f04f 0e00 	movcs.w	lr, #0
87800248:	f1be 0f00 	cmp.w	lr, #0
8780024c:	d1e8      	bne.n	87800220 <__div64_32+0x5c>
8780024e:	42af      	cmp	r7, r5
87800250:	bf08      	it	eq
87800252:	42a6      	cmpeq	r6, r4
87800254:	d304      	bcc.n	87800260 <__div64_32+0x9c>
87800256:	1b36      	subs	r6, r6, r4
87800258:	eb67 0705 	sbc.w	r7, r7, r5
8780025c:	1812      	adds	r2, r2, r0
8780025e:	414b      	adcs	r3, r1
87800260:	0849      	lsrs	r1, r1, #1
87800262:	ea4f 0030 	mov.w	r0, r0, rrx
87800266:	086d      	lsrs	r5, r5, #1
87800268:	ea4f 0434 	mov.w	r4, r4, rrx
8780026c:	ea50 0e01 	orrs.w	lr, r0, r1
87800270:	d1ed      	bne.n	8780024e <__div64_32+0x8a>
87800272:	e9c9 2300 	strd	r2, r3, [r9]
87800276:	4630      	mov	r0, r6
87800278:	e8bd 8ff8 	ldmia.w	sp!, {r3, r4, r5, r6, r7, r8, r9, sl, fp, pc}
8780027c:	2100      	movs	r1, #0
8780027e:	e7e6      	b.n	8780024e <__div64_32+0x8a>

87800280 <strnicmp>:
87800280:	b322      	cbz	r2, 878002cc <strnicmp+0x4c>
87800282:	b5f0      	push	{r4, r5, r6, r7, lr}
87800284:	f642 45cc 	movw	r5, #11468	; 0x2ccc
87800288:	3801      	subs	r0, #1
8780028a:	f2c8 7580 	movt	r5, #34688	; 0x8780
8780028e:	e008      	b.n	878002a2 <strnicmp+0x22>
87800290:	07f6      	lsls	r6, r6, #31
87800292:	fa5f f38e 	uxtb.w	r3, lr
87800296:	d500      	bpl.n	8780029a <strnicmp+0x1a>
87800298:	b2fc      	uxtb	r4, r7
8780029a:	42a3      	cmp	r3, r4
8780029c:	d114      	bne.n	878002c8 <strnicmp+0x48>
8780029e:	3a01      	subs	r2, #1
878002a0:	d01a      	beq.n	878002d8 <strnicmp+0x58>
878002a2:	f810 3f01 	ldrb.w	r3, [r0, #1]!
878002a6:	f811 4b01 	ldrb.w	r4, [r1], #1
878002aa:	b18b      	cbz	r3, 878002d0 <strnicmp+0x50>
878002ac:	b194      	cbz	r4, 878002d4 <strnicmp+0x54>
878002ae:	42a3      	cmp	r3, r4
878002b0:	d0f5      	beq.n	8780029e <strnicmp+0x1e>
878002b2:	5cee      	ldrb	r6, [r5, r3]
878002b4:	f104 0720 	add.w	r7, r4, #32
878002b8:	f103 0e20 	add.w	lr, r3, #32
878002bc:	f016 0f01 	tst.w	r6, #1
878002c0:	5d2e      	ldrb	r6, [r5, r4]
878002c2:	d1e5      	bne.n	87800290 <strnicmp+0x10>
878002c4:	07f6      	lsls	r6, r6, #31
878002c6:	d4e7      	bmi.n	87800298 <strnicmp+0x18>
878002c8:	1b18      	subs	r0, r3, r4
878002ca:	bdf0      	pop	{r4, r5, r6, r7, pc}
878002cc:	4610      	mov	r0, r2
878002ce:	4770      	bx	lr
878002d0:	4260      	negs	r0, r4
878002d2:	bdf0      	pop	{r4, r5, r6, r7, pc}
878002d4:	4618      	mov	r0, r3
878002d6:	bdf0      	pop	{r4, r5, r6, r7, pc}
878002d8:	4610      	mov	r0, r2
878002da:	bdf0      	pop	{r4, r5, r6, r7, pc}

878002dc <strcpy>:
878002dc:	1e42      	subs	r2, r0, #1
878002de:	f811 3b01 	ldrb.w	r3, [r1], #1
878002e2:	f802 3f01 	strb.w	r3, [r2, #1]!
878002e6:	2b00      	cmp	r3, #0
878002e8:	d1f9      	bne.n	878002de <strcpy+0x2>
878002ea:	4770      	bx	lr

878002ec <strncpy>:
878002ec:	b410      	push	{r4}
878002ee:	440a      	add	r2, r1
878002f0:	1e44      	subs	r4, r0, #1
878002f2:	e004      	b.n	878002fe <strncpy+0x12>
878002f4:	f811 3b01 	ldrb.w	r3, [r1], #1
878002f8:	f804 3f01 	strb.w	r3, [r4, #1]!
878002fc:	b10b      	cbz	r3, 87800302 <strncpy+0x16>
878002fe:	4291      	cmp	r1, r2
87800300:	d1f8      	bne.n	878002f4 <strncpy+0x8>
87800302:	f85d 4b04 	ldr.w	r4, [sp], #4
87800306:	4770      	bx	lr

87800308 <strcat>:
87800308:	7803      	ldrb	r3, [r0, #0]
8780030a:	b163      	cbz	r3, 87800326 <strcat+0x1e>
8780030c:	4603      	mov	r3, r0
8780030e:	f813 2f01 	ldrb.w	r2, [r3, #1]!
87800312:	2a00      	cmp	r2, #0
87800314:	d1fb      	bne.n	8780030e <strcat+0x6>
87800316:	3b01      	subs	r3, #1
87800318:	f811 2b01 	ldrb.w	r2, [r1], #1
8780031c:	f803 2f01 	strb.w	r2, [r3, #1]!
87800320:	2a00      	cmp	r2, #0
87800322:	d1f9      	bne.n	87800318 <strcat+0x10>
87800324:	4770      	bx	lr
87800326:	4603      	mov	r3, r0
87800328:	e7f5      	b.n	87800316 <strcat+0xe>
8780032a:	bf00      	nop

8780032c <strncat>:
8780032c:	b1ba      	cbz	r2, 8780035e <strncat+0x32>
8780032e:	7803      	ldrb	r3, [r0, #0]
87800330:	b430      	push	{r4, r5}
87800332:	b1bb      	cbz	r3, 87800364 <strncat+0x38>
87800334:	4603      	mov	r3, r0
87800336:	f813 4f01 	ldrb.w	r4, [r3, #1]!
8780033a:	2c00      	cmp	r4, #0
8780033c:	d1fb      	bne.n	87800336 <strncat+0xa>
8780033e:	f811 4b01 	ldrb.w	r4, [r1], #1
87800342:	461d      	mov	r5, r3
87800344:	f803 4b01 	strb.w	r4, [r3], #1
87800348:	b144      	cbz	r4, 8780035c <strncat+0x30>
8780034a:	3a01      	subs	r2, #1
8780034c:	d008      	beq.n	87800360 <strncat+0x34>
8780034e:	f811 4b01 	ldrb.w	r4, [r1], #1
87800352:	461d      	mov	r5, r3
87800354:	f803 4b01 	strb.w	r4, [r3], #1
87800358:	2c00      	cmp	r4, #0
8780035a:	d1f6      	bne.n	8780034a <strncat+0x1e>
8780035c:	bc30      	pop	{r4, r5}
8780035e:	4770      	bx	lr
87800360:	706a      	strb	r2, [r5, #1]
87800362:	e7fb      	b.n	8780035c <strncat+0x30>
87800364:	4603      	mov	r3, r0
87800366:	e7f2      	b.n	8780034e <strncat+0x22>

87800368 <strcmp>:
87800368:	1e42      	subs	r2, r0, #1
8780036a:	e000      	b.n	8780036e <strcmp+0x6>
8780036c:	b148      	cbz	r0, 87800382 <strcmp+0x1a>
8780036e:	f812 0f01 	ldrb.w	r0, [r2, #1]!
87800372:	f811 3b01 	ldrb.w	r3, [r1], #1
87800376:	1ac3      	subs	r3, r0, r3
87800378:	f013 03ff 	ands.w	r3, r3, #255	; 0xff
8780037c:	d0f6      	beq.n	8780036c <strcmp+0x4>
8780037e:	b258      	sxtb	r0, r3
87800380:	4770      	bx	lr
87800382:	4770      	bx	lr

87800384 <strncmp>:
87800384:	b302      	cbz	r2, 878003c8 <strncmp+0x44>
87800386:	b470      	push	{r4, r5, r6}
87800388:	1c4d      	adds	r5, r1, #1
8780038a:	7803      	ldrb	r3, [r0, #0]
8780038c:	780e      	ldrb	r6, [r1, #0]
8780038e:	1b9e      	subs	r6, r3, r6
87800390:	f016 06ff 	ands.w	r6, r6, #255	; 0xff
87800394:	bf18      	it	ne
87800396:	b270      	sxtbne	r0, r6
87800398:	d10e      	bne.n	878003b8 <strncmp+0x34>
8780039a:	b1bb      	cbz	r3, 878003cc <strncmp+0x48>
8780039c:	440a      	add	r2, r1
8780039e:	e008      	b.n	878003b2 <strncmp+0x2e>
878003a0:	f810 4f01 	ldrb.w	r4, [r0, #1]!
878003a4:	f815 3b01 	ldrb.w	r3, [r5], #1
878003a8:	1ae3      	subs	r3, r4, r3
878003aa:	f013 03ff 	ands.w	r3, r3, #255	; 0xff
878003ae:	d105      	bne.n	878003bc <strncmp+0x38>
878003b0:	b13c      	cbz	r4, 878003c2 <strncmp+0x3e>
878003b2:	4295      	cmp	r5, r2
878003b4:	d1f4      	bne.n	878003a0 <strncmp+0x1c>
878003b6:	2000      	movs	r0, #0
878003b8:	bc70      	pop	{r4, r5, r6}
878003ba:	4770      	bx	lr
878003bc:	b258      	sxtb	r0, r3
878003be:	bc70      	pop	{r4, r5, r6}
878003c0:	4770      	bx	lr
878003c2:	4620      	mov	r0, r4
878003c4:	bc70      	pop	{r4, r5, r6}
878003c6:	4770      	bx	lr
878003c8:	4610      	mov	r0, r2
878003ca:	4770      	bx	lr
878003cc:	4618      	mov	r0, r3
878003ce:	e7f3      	b.n	878003b8 <strncmp+0x34>

878003d0 <strchr>:
878003d0:	7803      	ldrb	r3, [r0, #0]
878003d2:	b2c9      	uxtb	r1, r1
878003d4:	428b      	cmp	r3, r1
878003d6:	d006      	beq.n	878003e6 <strchr+0x16>
878003d8:	b123      	cbz	r3, 878003e4 <strchr+0x14>
878003da:	f810 3f01 	ldrb.w	r3, [r0, #1]!
878003de:	428b      	cmp	r3, r1
878003e0:	d1fa      	bne.n	878003d8 <strchr+0x8>
878003e2:	4770      	bx	lr
878003e4:	4618      	mov	r0, r3
878003e6:	4770      	bx	lr

878003e8 <strrchr>:
878003e8:	7803      	ldrb	r3, [r0, #0]
878003ea:	b18b      	cbz	r3, 87800410 <strrchr+0x28>
878003ec:	4603      	mov	r3, r0
878003ee:	f813 2f01 	ldrb.w	r2, [r3, #1]!
878003f2:	2a00      	cmp	r2, #0
878003f4:	d1fb      	bne.n	878003ee <strrchr+0x6>
878003f6:	b2c9      	uxtb	r1, r1
878003f8:	2200      	movs	r2, #0
878003fa:	e003      	b.n	87800404 <strrchr+0x1c>
878003fc:	3b01      	subs	r3, #1
878003fe:	4298      	cmp	r0, r3
87800400:	d804      	bhi.n	8780040c <strrchr+0x24>
87800402:	781a      	ldrb	r2, [r3, #0]
87800404:	428a      	cmp	r2, r1
87800406:	d1f9      	bne.n	878003fc <strrchr+0x14>
87800408:	4618      	mov	r0, r3
8780040a:	4770      	bx	lr
8780040c:	2000      	movs	r0, #0
8780040e:	4770      	bx	lr
87800410:	4603      	mov	r3, r0
87800412:	e7f0      	b.n	878003f6 <strrchr+0xe>

87800414 <strlen>:
87800414:	7802      	ldrb	r2, [r0, #0]
87800416:	b132      	cbz	r2, 87800426 <strlen+0x12>
87800418:	4603      	mov	r3, r0
8780041a:	f813 1f01 	ldrb.w	r1, [r3, #1]!
8780041e:	2900      	cmp	r1, #0
87800420:	d1fb      	bne.n	8780041a <strlen+0x6>
87800422:	1a18      	subs	r0, r3, r0
87800424:	4770      	bx	lr
87800426:	4610      	mov	r0, r2
87800428:	4770      	bx	lr
8780042a:	bf00      	nop

8780042c <strnlen>:
8780042c:	b199      	cbz	r1, 87800456 <strnlen+0x2a>
8780042e:	7803      	ldrb	r3, [r0, #0]
87800430:	b19b      	cbz	r3, 8780045a <strnlen+0x2e>
87800432:	b410      	push	{r4}
87800434:	4401      	add	r1, r0
87800436:	1c43      	adds	r3, r0, #1
87800438:	e002      	b.n	87800440 <strnlen+0x14>
8780043a:	781c      	ldrb	r4, [r3, #0]
8780043c:	3301      	adds	r3, #1
8780043e:	b134      	cbz	r4, 8780044e <strnlen+0x22>
87800440:	428b      	cmp	r3, r1
87800442:	461a      	mov	r2, r3
87800444:	d1f9      	bne.n	8780043a <strnlen+0xe>
87800446:	1a18      	subs	r0, r3, r0
87800448:	f85d 4b04 	ldr.w	r4, [sp], #4
8780044c:	4770      	bx	lr
8780044e:	1a10      	subs	r0, r2, r0
87800450:	f85d 4b04 	ldr.w	r4, [sp], #4
87800454:	4770      	bx	lr
87800456:	4608      	mov	r0, r1
87800458:	4770      	bx	lr
8780045a:	4618      	mov	r0, r3
8780045c:	4770      	bx	lr
8780045e:	bf00      	nop

87800460 <strspn>:
87800460:	b470      	push	{r4, r5, r6}
87800462:	4605      	mov	r5, r0
87800464:	7804      	ldrb	r4, [r0, #0]
87800466:	b1ac      	cbz	r4, 87800494 <strspn+0x34>
87800468:	780e      	ldrb	r6, [r1, #0]
8780046a:	2000      	movs	r0, #0
8780046c:	b14e      	cbz	r6, 87800482 <strspn+0x22>
8780046e:	42a6      	cmp	r6, r4
87800470:	d009      	beq.n	87800486 <strspn+0x26>
87800472:	460a      	mov	r2, r1
87800474:	e001      	b.n	8780047a <strspn+0x1a>
87800476:	429c      	cmp	r4, r3
87800478:	d005      	beq.n	87800486 <strspn+0x26>
8780047a:	f812 3f01 	ldrb.w	r3, [r2, #1]!
8780047e:	2b00      	cmp	r3, #0
87800480:	d1f9      	bne.n	87800476 <strspn+0x16>
87800482:	bc70      	pop	{r4, r5, r6}
87800484:	4770      	bx	lr
87800486:	f815 4f01 	ldrb.w	r4, [r5, #1]!
8780048a:	3001      	adds	r0, #1
8780048c:	2c00      	cmp	r4, #0
8780048e:	d1ed      	bne.n	8780046c <strspn+0xc>
87800490:	bc70      	pop	{r4, r5, r6}
87800492:	4770      	bx	lr
87800494:	4620      	mov	r0, r4
87800496:	e7f4      	b.n	87800482 <strspn+0x22>

87800498 <strpbrk>:
87800498:	b430      	push	{r4, r5}
8780049a:	7804      	ldrb	r4, [r0, #0]
8780049c:	b17c      	cbz	r4, 878004be <strpbrk+0x26>
8780049e:	780d      	ldrb	r5, [r1, #0]
878004a0:	b14d      	cbz	r5, 878004b6 <strpbrk+0x1e>
878004a2:	42a5      	cmp	r5, r4
878004a4:	d00c      	beq.n	878004c0 <strpbrk+0x28>
878004a6:	460a      	mov	r2, r1
878004a8:	e001      	b.n	878004ae <strpbrk+0x16>
878004aa:	429c      	cmp	r4, r3
878004ac:	d008      	beq.n	878004c0 <strpbrk+0x28>
878004ae:	f812 3f01 	ldrb.w	r3, [r2, #1]!
878004b2:	2b00      	cmp	r3, #0
878004b4:	d1f9      	bne.n	878004aa <strpbrk+0x12>
878004b6:	f810 4f01 	ldrb.w	r4, [r0, #1]!
878004ba:	2c00      	cmp	r4, #0
878004bc:	d1f0      	bne.n	878004a0 <strpbrk+0x8>
878004be:	4620      	mov	r0, r4
878004c0:	bc30      	pop	{r4, r5}
878004c2:	4770      	bx	lr

878004c4 <strtok>:
878004c4:	b5f0      	push	{r4, r5, r6, r7, lr}
878004c6:	f643 3e88 	movw	lr, #15240	; 0x3b88
878004ca:	f2c8 7e80 	movt	lr, #34688	; 0x8780
878004ce:	2800      	cmp	r0, #0
878004d0:	d03e      	beq.n	87800550 <strtok+0x8c>
878004d2:	7804      	ldrb	r4, [r0, #0]
878004d4:	2c00      	cmp	r4, #0
878004d6:	d037      	beq.n	87800548 <strtok+0x84>
878004d8:	780d      	ldrb	r5, [r1, #0]
878004da:	4607      	mov	r7, r0
878004dc:	2600      	movs	r6, #0
878004de:	b14d      	cbz	r5, 878004f4 <strtok+0x30>
878004e0:	42a5      	cmp	r5, r4
878004e2:	d01e      	beq.n	87800522 <strtok+0x5e>
878004e4:	460a      	mov	r2, r1
878004e6:	e001      	b.n	878004ec <strtok+0x28>
878004e8:	429c      	cmp	r4, r3
878004ea:	d01a      	beq.n	87800522 <strtok+0x5e>
878004ec:	f812 3f01 	ldrb.w	r3, [r2, #1]!
878004f0:	2b00      	cmp	r3, #0
878004f2:	d1f9      	bne.n	878004e8 <strtok+0x24>
878004f4:	5d84      	ldrb	r4, [r0, r6]
878004f6:	4430      	add	r0, r6
878004f8:	4606      	mov	r6, r0
878004fa:	b32c      	cbz	r4, 87800548 <strtok+0x84>
878004fc:	b14d      	cbz	r5, 87800512 <strtok+0x4e>
878004fe:	42a5      	cmp	r5, r4
87800500:	d01a      	beq.n	87800538 <strtok+0x74>
87800502:	460a      	mov	r2, r1
87800504:	e001      	b.n	8780050a <strtok+0x46>
87800506:	429c      	cmp	r4, r3
87800508:	d016      	beq.n	87800538 <strtok+0x74>
8780050a:	f812 3f01 	ldrb.w	r3, [r2, #1]!
8780050e:	2b00      	cmp	r3, #0
87800510:	d1f9      	bne.n	87800506 <strtok+0x42>
87800512:	f816 4f01 	ldrb.w	r4, [r6, #1]!
87800516:	2c00      	cmp	r4, #0
87800518:	d1f0      	bne.n	878004fc <strtok+0x38>
8780051a:	4626      	mov	r6, r4
8780051c:	f8ce 6000 	str.w	r6, [lr]
87800520:	bdf0      	pop	{r4, r5, r6, r7, pc}
87800522:	f817 4f01 	ldrb.w	r4, [r7, #1]!
87800526:	3601      	adds	r6, #1
87800528:	2c00      	cmp	r4, #0
8780052a:	d1d8      	bne.n	878004de <strtok+0x1a>
8780052c:	5d84      	ldrb	r4, [r0, r6]
8780052e:	4430      	add	r0, r6
87800530:	4606      	mov	r6, r0
87800532:	2c00      	cmp	r4, #0
87800534:	d1e2      	bne.n	878004fc <strtok+0x38>
87800536:	e007      	b.n	87800548 <strtok+0x84>
87800538:	7833      	ldrb	r3, [r6, #0]
8780053a:	4632      	mov	r2, r6
8780053c:	2b00      	cmp	r3, #0
8780053e:	d0ed      	beq.n	8780051c <strtok+0x58>
87800540:	2300      	movs	r3, #0
87800542:	3601      	adds	r6, #1
87800544:	7013      	strb	r3, [r2, #0]
87800546:	e7e9      	b.n	8780051c <strtok+0x58>
87800548:	2000      	movs	r0, #0
8780054a:	f8ce 0000 	str.w	r0, [lr]
8780054e:	bdf0      	pop	{r4, r5, r6, r7, pc}
87800550:	f8de 0000 	ldr.w	r0, [lr]
87800554:	2800      	cmp	r0, #0
87800556:	d1bc      	bne.n	878004d2 <strtok+0xe>
87800558:	e7e2      	b.n	87800520 <strtok+0x5c>
8780055a:	bf00      	nop

8780055c <strsep>:
8780055c:	b4f0      	push	{r4, r5, r6, r7}
8780055e:	4607      	mov	r7, r0
87800560:	6800      	ldr	r0, [r0, #0]
87800562:	b198      	cbz	r0, 8780058c <strsep+0x30>
87800564:	7804      	ldrb	r4, [r0, #0]
87800566:	b184      	cbz	r4, 8780058a <strsep+0x2e>
87800568:	780e      	ldrb	r6, [r1, #0]
8780056a:	4605      	mov	r5, r0
8780056c:	b14e      	cbz	r6, 87800582 <strsep+0x26>
8780056e:	42a6      	cmp	r6, r4
87800570:	d00e      	beq.n	87800590 <strsep+0x34>
87800572:	460a      	mov	r2, r1
87800574:	e001      	b.n	8780057a <strsep+0x1e>
87800576:	429c      	cmp	r4, r3
87800578:	d00a      	beq.n	87800590 <strsep+0x34>
8780057a:	f812 3f01 	ldrb.w	r3, [r2, #1]!
8780057e:	2b00      	cmp	r3, #0
87800580:	d1f9      	bne.n	87800576 <strsep+0x1a>
87800582:	f815 4f01 	ldrb.w	r4, [r5, #1]!
87800586:	2c00      	cmp	r4, #0
87800588:	d1f0      	bne.n	8780056c <strsep+0x10>
8780058a:	603c      	str	r4, [r7, #0]
8780058c:	bcf0      	pop	{r4, r5, r6, r7}
8780058e:	4770      	bx	lr
87800590:	2300      	movs	r3, #0
87800592:	1c6c      	adds	r4, r5, #1
87800594:	702b      	strb	r3, [r5, #0]
87800596:	e7f8      	b.n	8780058a <strsep+0x2e>

87800598 <memset>:
87800598:	b132      	cbz	r2, 878005a8 <memset+0x10>
8780059a:	b2c9      	uxtb	r1, r1
8780059c:	4402      	add	r2, r0
8780059e:	4603      	mov	r3, r0
878005a0:	f803 1b01 	strb.w	r1, [r3], #1
878005a4:	4293      	cmp	r3, r2
878005a6:	d1fb      	bne.n	878005a0 <memset+0x8>
878005a8:	4770      	bx	lr
878005aa:	bf00      	nop

878005ac <bcopy>:
878005ac:	b13a      	cbz	r2, 878005be <bcopy+0x12>
878005ae:	3901      	subs	r1, #1
878005b0:	4402      	add	r2, r0
878005b2:	f810 3b01 	ldrb.w	r3, [r0], #1
878005b6:	4290      	cmp	r0, r2
878005b8:	f801 3f01 	strb.w	r3, [r1, #1]!
878005bc:	d1f9      	bne.n	878005b2 <bcopy+0x6>
878005be:	4770      	bx	lr

878005c0 <memcpy>:
878005c0:	b152      	cbz	r2, 878005d8 <memcpy+0x18>
878005c2:	440a      	add	r2, r1
878005c4:	1e43      	subs	r3, r0, #1
878005c6:	b410      	push	{r4}
878005c8:	f811 4b01 	ldrb.w	r4, [r1], #1
878005cc:	4291      	cmp	r1, r2
878005ce:	f803 4f01 	strb.w	r4, [r3, #1]!
878005d2:	d1f9      	bne.n	878005c8 <memcpy+0x8>
878005d4:	f85d 4b04 	ldr.w	r4, [sp], #4
878005d8:	4770      	bx	lr
878005da:	bf00      	nop

878005dc <memmove>:
878005dc:	4288      	cmp	r0, r1
878005de:	b410      	push	{r4}
878005e0:	d80b      	bhi.n	878005fa <memmove+0x1e>
878005e2:	b13a      	cbz	r2, 878005f4 <memmove+0x18>
878005e4:	440a      	add	r2, r1
878005e6:	1e43      	subs	r3, r0, #1
878005e8:	f811 4b01 	ldrb.w	r4, [r1], #1
878005ec:	4291      	cmp	r1, r2
878005ee:	f803 4f01 	strb.w	r4, [r3, #1]!
878005f2:	d1f9      	bne.n	878005e8 <memmove+0xc>
878005f4:	f85d 4b04 	ldr.w	r4, [sp], #4
878005f8:	4770      	bx	lr
878005fa:	4411      	add	r1, r2
878005fc:	1883      	adds	r3, r0, r2
878005fe:	2a00      	cmp	r2, #0
87800600:	d0f8      	beq.n	878005f4 <memmove+0x18>
87800602:	1a8a      	subs	r2, r1, r2
87800604:	f811 4d01 	ldrb.w	r4, [r1, #-1]!
87800608:	4291      	cmp	r1, r2
8780060a:	f803 4d01 	strb.w	r4, [r3, #-1]!
8780060e:	d1f9      	bne.n	87800604 <memmove+0x28>
87800610:	f85d 4b04 	ldr.w	r4, [sp], #4
87800614:	4770      	bx	lr
87800616:	bf00      	nop

87800618 <memcmp>:
87800618:	b1aa      	cbz	r2, 87800646 <memcmp+0x2e>
8780061a:	b430      	push	{r4, r5}
8780061c:	4604      	mov	r4, r0
8780061e:	7803      	ldrb	r3, [r0, #0]
87800620:	7808      	ldrb	r0, [r1, #0]
87800622:	1a18      	subs	r0, r3, r0
87800624:	d10a      	bne.n	8780063c <memcmp+0x24>
87800626:	4422      	add	r2, r4
87800628:	3401      	adds	r4, #1
8780062a:	e005      	b.n	87800638 <memcmp+0x20>
8780062c:	f814 3b01 	ldrb.w	r3, [r4], #1
87800630:	f811 5f01 	ldrb.w	r5, [r1, #1]!
87800634:	1b5b      	subs	r3, r3, r5
87800636:	d103      	bne.n	87800640 <memcmp+0x28>
87800638:	4294      	cmp	r4, r2
8780063a:	d1f7      	bne.n	8780062c <memcmp+0x14>
8780063c:	bc30      	pop	{r4, r5}
8780063e:	4770      	bx	lr
87800640:	4618      	mov	r0, r3
87800642:	bc30      	pop	{r4, r5}
87800644:	4770      	bx	lr
87800646:	4610      	mov	r0, r2
87800648:	4770      	bx	lr
8780064a:	bf00      	nop

8780064c <memscan>:
8780064c:	b182      	cbz	r2, 87800670 <memscan+0x24>
8780064e:	7803      	ldrb	r3, [r0, #0]
87800650:	428b      	cmp	r3, r1
87800652:	d00d      	beq.n	87800670 <memscan+0x24>
87800654:	b410      	push	{r4}
87800656:	4402      	add	r2, r0
87800658:	1c43      	adds	r3, r0, #1
8780065a:	e002      	b.n	87800662 <memscan+0x16>
8780065c:	7804      	ldrb	r4, [r0, #0]
8780065e:	428c      	cmp	r4, r1
87800660:	d004      	beq.n	8780066c <memscan+0x20>
87800662:	4293      	cmp	r3, r2
87800664:	4618      	mov	r0, r3
87800666:	f103 0301 	add.w	r3, r3, #1
8780066a:	d1f7      	bne.n	8780065c <memscan+0x10>
8780066c:	f85d 4b04 	ldr.w	r4, [sp], #4
87800670:	4770      	bx	lr
87800672:	bf00      	nop

87800674 <strstr>:
87800674:	b5f0      	push	{r4, r5, r6, r7, lr}
87800676:	468e      	mov	lr, r1
87800678:	f891 c000 	ldrb.w	ip, [r1]
8780067c:	f1bc 0f00 	cmp.w	ip, #0
87800680:	d028      	beq.n	878006d4 <strstr+0x60>
87800682:	460e      	mov	r6, r1
87800684:	f816 3f01 	ldrb.w	r3, [r6, #1]!
87800688:	2b00      	cmp	r3, #0
8780068a:	d1fb      	bne.n	87800684 <strstr+0x10>
8780068c:	ebb6 010e 	subs.w	r1, r6, lr
87800690:	d020      	beq.n	878006d4 <strstr+0x60>
87800692:	7807      	ldrb	r7, [r0, #0]
87800694:	b12f      	cbz	r7, 878006a2 <strstr+0x2e>
87800696:	4607      	mov	r7, r0
87800698:	f817 3f01 	ldrb.w	r3, [r7, #1]!
8780069c:	2b00      	cmp	r3, #0
8780069e:	d1fb      	bne.n	87800698 <strstr+0x24>
878006a0:	1a3f      	subs	r7, r7, r0
878006a2:	42b9      	cmp	r1, r7
878006a4:	dc15      	bgt.n	878006d2 <strstr+0x5e>
878006a6:	3f01      	subs	r7, #1
878006a8:	b1a1      	cbz	r1, 878006d4 <strstr+0x60>
878006aa:	7803      	ldrb	r3, [r0, #0]
878006ac:	4563      	cmp	r3, ip
878006ae:	d10c      	bne.n	878006ca <strstr+0x56>
878006b0:	4602      	mov	r2, r0
878006b2:	f10e 0301 	add.w	r3, lr, #1
878006b6:	e005      	b.n	878006c4 <strstr+0x50>
878006b8:	f813 4b01 	ldrb.w	r4, [r3], #1
878006bc:	f812 5f01 	ldrb.w	r5, [r2, #1]!
878006c0:	42a5      	cmp	r5, r4
878006c2:	d102      	bne.n	878006ca <strstr+0x56>
878006c4:	42b3      	cmp	r3, r6
878006c6:	d1f7      	bne.n	878006b8 <strstr+0x44>
878006c8:	bdf0      	pop	{r4, r5, r6, r7, pc}
878006ca:	428f      	cmp	r7, r1
878006cc:	f100 0001 	add.w	r0, r0, #1
878006d0:	dae9      	bge.n	878006a6 <strstr+0x32>
878006d2:	2000      	movs	r0, #0
878006d4:	bdf0      	pop	{r4, r5, r6, r7, pc}
878006d6:	bf00      	nop

878006d8 <memchr>:
878006d8:	b410      	push	{r4}
878006da:	b2c9      	uxtb	r1, r1
878006dc:	4402      	add	r2, r0
878006de:	e004      	b.n	878006ea <memchr+0x12>
878006e0:	f813 4b01 	ldrb.w	r4, [r3], #1
878006e4:	428c      	cmp	r4, r1
878006e6:	d004      	beq.n	878006f2 <memchr+0x1a>
878006e8:	4618      	mov	r0, r3
878006ea:	4290      	cmp	r0, r2
878006ec:	4603      	mov	r3, r0
878006ee:	d1f7      	bne.n	878006e0 <memchr+0x8>
878006f0:	2000      	movs	r0, #0
878006f2:	f85d 4b04 	ldr.w	r4, [sp], #4
878006f6:	4770      	bx	lr

878006f8 <number>:
878006f8:	e92d 4ff0 	stmdb	sp!, {r4, r5, r6, r7, r8, r9, sl, fp, lr}
878006fc:	b0a9      	sub	sp, #164	; 0xa4
878006fe:	460e      	mov	r6, r1
87800700:	9932      	ldr	r1, [sp, #200]	; 0xc8
87800702:	4604      	mov	r4, r0
87800704:	9835      	ldr	r0, [sp, #212]	; 0xd4
87800706:	390a      	subs	r1, #10
87800708:	bf18      	it	ne
8780070a:	2101      	movne	r1, #1
8780070c:	f000 0820 	and.w	r8, r0, #32
87800710:	ea01 1050 	and.w	r0, r1, r0, lsr #5
87800714:	fa5f f888 	uxtb.w	r8, r8
87800718:	9000      	str	r0, [sp, #0]
8780071a:	9835      	ldr	r0, [sp, #212]	; 0xd4
8780071c:	f010 0010 	ands.w	r0, r0, #16
87800720:	9002      	str	r0, [sp, #8]
87800722:	bf1e      	ittt	ne
87800724:	9835      	ldrne	r0, [sp, #212]	; 0xd4
87800726:	f020 0001 	bicne.w	r0, r0, #1
8780072a:	9035      	strne	r0, [sp, #212]	; 0xd4
8780072c:	9835      	ldr	r0, [sp, #212]	; 0xd4
8780072e:	f010 0002 	ands.w	r0, r0, #2
87800732:	d012      	beq.n	8780075a <number+0x62>
87800734:	2a00      	cmp	r2, #0
87800736:	f173 0000 	sbcs.w	r0, r3, #0
8780073a:	f2c0 80e4 	blt.w	87800906 <number+0x20e>
8780073e:	9835      	ldr	r0, [sp, #212]	; 0xd4
87800740:	0740      	lsls	r0, r0, #29
87800742:	f100 80c6 	bmi.w	878008d2 <number+0x1da>
87800746:	9835      	ldr	r0, [sp, #212]	; 0xd4
87800748:	f010 0008 	ands.w	r0, r0, #8
8780074c:	d005      	beq.n	8780075a <number+0x62>
8780074e:	9833      	ldr	r0, [sp, #204]	; 0xcc
87800750:	3801      	subs	r0, #1
87800752:	9033      	str	r0, [sp, #204]	; 0xcc
87800754:	2020      	movs	r0, #32
87800756:	9001      	str	r0, [sp, #4]
87800758:	e000      	b.n	8780075c <number+0x64>
8780075a:	9001      	str	r0, [sp, #4]
8780075c:	9800      	ldr	r0, [sp, #0]
8780075e:	b130      	cbz	r0, 8780076e <number+0x76>
87800760:	9832      	ldr	r0, [sp, #200]	; 0xc8
87800762:	2810      	cmp	r0, #16
87800764:	f000 80c4 	beq.w	878008f0 <number+0x1f8>
87800768:	9833      	ldr	r0, [sp, #204]	; 0xcc
8780076a:	3801      	subs	r0, #1
8780076c:	9033      	str	r0, [sp, #204]	; 0xcc
8780076e:	ea52 0003 	orrs.w	r0, r2, r3
87800772:	d17b      	bne.n	8780086c <number+0x174>
87800774:	2200      	movs	r2, #0
87800776:	2501      	movs	r5, #1
87800778:	2330      	movs	r3, #48	; 0x30
8780077a:	f88d 303c 	strb.w	r3, [sp, #60]	; 0x3c
8780077e:	9b34      	ldr	r3, [sp, #208]	; 0xd0
87800780:	9933      	ldr	r1, [sp, #204]	; 0xcc
87800782:	42ab      	cmp	r3, r5
87800784:	bfb8      	it	lt
87800786:	462b      	movlt	r3, r5
87800788:	1ac8      	subs	r0, r1, r3
8780078a:	9935      	ldr	r1, [sp, #212]	; 0xd4
8780078c:	f011 0f11 	tst.w	r1, #17
87800790:	d10f      	bne.n	878007b2 <number+0xba>
87800792:	f1b0 0e01 	subs.w	lr, r0, #1
87800796:	f100 81c5 	bmi.w	87800b24 <number+0x42c>
8780079a:	1821      	adds	r1, r4, r0
8780079c:	2720      	movs	r7, #32
8780079e:	42a6      	cmp	r6, r4
878007a0:	f104 0401 	add.w	r4, r4, #1
878007a4:	bf88      	it	hi
878007a6:	f804 7c01 	strbhi.w	r7, [r4, #-1]
878007aa:	428c      	cmp	r4, r1
878007ac:	d1f7      	bne.n	8780079e <number+0xa6>
878007ae:	ebc0 000e 	rsb	r0, r0, lr
878007b2:	9901      	ldr	r1, [sp, #4]
878007b4:	b139      	cbz	r1, 878007c6 <number+0xce>
878007b6:	42b4      	cmp	r4, r6
878007b8:	f104 0401 	add.w	r4, r4, #1
878007bc:	bf3c      	itt	cc
878007be:	f89d 1004 	ldrbcc.w	r1, [sp, #4]
878007c2:	f804 1c01 	strbcc.w	r1, [r4, #-1]
878007c6:	9900      	ldr	r1, [sp, #0]
878007c8:	b149      	cbz	r1, 878007de <number+0xe6>
878007ca:	9f32      	ldr	r7, [sp, #200]	; 0xc8
878007cc:	42b4      	cmp	r4, r6
878007ce:	bf3c      	itt	cc
878007d0:	2130      	movcc	r1, #48	; 0x30
878007d2:	7021      	strbcc	r1, [r4, #0]
878007d4:	1c61      	adds	r1, r4, #1
878007d6:	2f10      	cmp	r7, #16
878007d8:	bf18      	it	ne
878007da:	460c      	movne	r4, r1
878007dc:	d07f      	beq.n	878008de <number+0x1e6>
878007de:	9902      	ldr	r1, [sp, #8]
878007e0:	b999      	cbnz	r1, 8780080a <number+0x112>
878007e2:	9935      	ldr	r1, [sp, #212]	; 0xd4
878007e4:	f011 0f01 	tst.w	r1, #1
878007e8:	bf14      	ite	ne
878007ea:	2130      	movne	r1, #48	; 0x30
878007ec:	2120      	moveq	r1, #32
878007ee:	1e47      	subs	r7, r0, #1
878007f0:	f100 819a 	bmi.w	87800b28 <number+0x430>
878007f4:	4420      	add	r0, r4
878007f6:	42a6      	cmp	r6, r4
878007f8:	f104 0401 	add.w	r4, r4, #1
878007fc:	bf88      	it	hi
878007fe:	f804 1c01 	strbhi.w	r1, [r4, #-1]
87800802:	4284      	cmp	r4, r0
87800804:	d1f7      	bne.n	878007f6 <number+0xfe>
87800806:	f04f 30ff 	mov.w	r0, #4294967295	; 0xffffffff
8780080a:	429d      	cmp	r5, r3
8780080c:	f280 811f 	bge.w	87800a4e <number+0x356>
87800810:	1b5b      	subs	r3, r3, r5
87800812:	2130      	movs	r1, #48	; 0x30
87800814:	4423      	add	r3, r4
87800816:	42a6      	cmp	r6, r4
87800818:	f104 0401 	add.w	r4, r4, #1
8780081c:	bf88      	it	hi
8780081e:	f804 1c01 	strbhi.w	r1, [r4, #-1]
87800822:	429c      	cmp	r4, r3
87800824:	d1f7      	bne.n	87800816 <number+0x11e>
87800826:	2a00      	cmp	r2, #0
87800828:	f2c0 810d 	blt.w	87800a46 <number+0x34e>
8780082c:	1c51      	adds	r1, r2, #1
8780082e:	ac0f      	add	r4, sp, #60	; 0x3c
87800830:	4422      	add	r2, r4
87800832:	4419      	add	r1, r3
87800834:	429e      	cmp	r6, r3
87800836:	f103 0301 	add.w	r3, r3, #1
8780083a:	bf88      	it	hi
8780083c:	7814      	ldrbhi	r4, [r2, #0]
8780083e:	f102 32ff 	add.w	r2, r2, #4294967295	; 0xffffffff
87800842:	bf88      	it	hi
87800844:	f803 4c01 	strbhi.w	r4, [r3, #-1]
87800848:	428b      	cmp	r3, r1
8780084a:	d1f3      	bne.n	87800834 <number+0x13c>
8780084c:	2800      	cmp	r0, #0
8780084e:	f340 80fc 	ble.w	87800a4a <number+0x352>
87800852:	4408      	add	r0, r1
87800854:	2320      	movs	r3, #32
87800856:	428e      	cmp	r6, r1
87800858:	f101 0101 	add.w	r1, r1, #1
8780085c:	bf88      	it	hi
8780085e:	f801 3c01 	strbhi.w	r3, [r1, #-1]
87800862:	4281      	cmp	r1, r0
87800864:	d1f7      	bne.n	87800856 <number+0x15e>
87800866:	b029      	add	sp, #164	; 0xa4
87800868:	e8bd 8ff0 	ldmia.w	sp!, {r4, r5, r6, r7, r8, r9, sl, fp, pc}
8780086c:	2900      	cmp	r1, #0
8780086e:	d053      	beq.n	87800918 <number+0x220>
87800870:	9932      	ldr	r1, [sp, #200]	; 0xc8
87800872:	2910      	cmp	r1, #16
87800874:	f101 3cff 	add.w	ip, r1, #4294967295	; 0xffffffff
87800878:	bf12      	itee	ne
8780087a:	2003      	movne	r0, #3
8780087c:	f04f 0c0f 	moveq.w	ip, #15
87800880:	2004      	moveq	r0, #4
87800882:	f642 49b4 	movw	r9, #11444	; 0x2cb4
87800886:	f10d 073b 	add.w	r7, sp, #59	; 0x3b
8780088a:	f2c8 7980 	movt	r9, #34688	; 0x8780
8780088e:	2500      	movs	r5, #0
87800890:	f1c0 0a20 	rsb	sl, r0, #32
87800894:	fa5f fb82 	uxtb.w	fp, r2
87800898:	fa22 f100 	lsr.w	r1, r2, r0
8780089c:	fa43 fe00 	asr.w	lr, r3, r0
878008a0:	ea0b 020c 	and.w	r2, fp, ip
878008a4:	f819 b002 	ldrb.w	fp, [r9, r2]
878008a8:	fa03 f20a 	lsl.w	r2, r3, sl
878008ac:	3501      	adds	r5, #1
878008ae:	4311      	orrs	r1, r2
878008b0:	f1b0 0220 	subs.w	r2, r0, #32
878008b4:	fa43 f202 	asr.w	r2, r3, r2
878008b8:	ea48 030b 	orr.w	r3, r8, fp
878008bc:	f807 3f01 	strb.w	r3, [r7, #1]!
878008c0:	4673      	mov	r3, lr
878008c2:	bf58      	it	pl
878008c4:	4311      	orrpl	r1, r2
878008c6:	460a      	mov	r2, r1
878008c8:	ea52 0103 	orrs.w	r1, r2, r3
878008cc:	d1e2      	bne.n	87800894 <number+0x19c>
878008ce:	1e6a      	subs	r2, r5, #1
878008d0:	e755      	b.n	8780077e <number+0x86>
878008d2:	9833      	ldr	r0, [sp, #204]	; 0xcc
878008d4:	3801      	subs	r0, #1
878008d6:	9033      	str	r0, [sp, #204]	; 0xcc
878008d8:	202b      	movs	r0, #43	; 0x2b
878008da:	9001      	str	r0, [sp, #4]
878008dc:	e73e      	b.n	8780075c <number+0x64>
878008de:	428e      	cmp	r6, r1
878008e0:	f104 0402 	add.w	r4, r4, #2
878008e4:	bf84      	itt	hi
878008e6:	f048 0858 	orrhi.w	r8, r8, #88	; 0x58
878008ea:	f804 8c01 	strbhi.w	r8, [r4, #-1]
878008ee:	e776      	b.n	878007de <number+0xe6>
878008f0:	9933      	ldr	r1, [sp, #204]	; 0xcc
878008f2:	3902      	subs	r1, #2
878008f4:	9133      	str	r1, [sp, #204]	; 0xcc
878008f6:	ea52 0103 	orrs.w	r1, r2, r3
878008fa:	bf1c      	itt	ne
878008fc:	f04f 0c0f 	movne.w	ip, #15
87800900:	2004      	movne	r0, #4
87800902:	d1be      	bne.n	87800882 <number+0x18a>
87800904:	e736      	b.n	87800774 <number+0x7c>
87800906:	9833      	ldr	r0, [sp, #204]	; 0xcc
87800908:	4252      	negs	r2, r2
8780090a:	eb63 0343 	sbc.w	r3, r3, r3, lsl #1
8780090e:	3801      	subs	r0, #1
87800910:	9033      	str	r0, [sp, #204]	; 0xcc
87800912:	202d      	movs	r0, #45	; 0x2d
87800914:	9001      	str	r0, [sp, #4]
87800916:	e721      	b.n	8780075c <number+0x64>
87800918:	4692      	mov	sl, r2
8780091a:	469b      	mov	fp, r3
8780091c:	f248 629f 	movw	r2, #34463	; 0x869f
87800920:	2300      	movs	r3, #0
87800922:	f2c0 0201 	movt	r2, #1
87800926:	455b      	cmp	r3, fp
87800928:	bf08      	it	eq
8780092a:	4552      	cmpeq	r2, sl
8780092c:	e9cd ab0c 	strd	sl, fp, [sp, #48]	; 0x30
87800930:	f080 80fc 	bcs.w	87800b2c <number+0x434>
87800934:	f248 61a0 	movw	r1, #34464	; 0x86a0
87800938:	f645 20c5 	movw	r0, #23237	; 0x5ac5
8780093c:	f2c0 0101 	movt	r1, #1
87800940:	f6c0 207c 	movt	r0, #2684	; 0xa7c
87800944:	f10d 0541 	add.w	r5, sp, #65	; 0x41
87800948:	e9cd 2304 	strd	r2, r3, [sp, #16]
8780094c:	9106      	str	r1, [sp, #24]
8780094e:	462f      	mov	r7, r5
87800950:	9003      	str	r0, [sp, #12]
87800952:	f8cd 801c 	str.w	r8, [sp, #28]
87800956:	9408      	str	r4, [sp, #32]
87800958:	9609      	str	r6, [sp, #36]	; 0x24
8780095a:	e060      	b.n	87800a1e <number+0x326>
8780095c:	9a06      	ldr	r2, [sp, #24]
8780095e:	09d8      	lsrs	r0, r3, #7
87800960:	f04f 0b00 	mov.w	fp, #0
87800964:	4603      	mov	r3, r0
87800966:	fb02 a010 	mls	r0, r2, r0, sl
8780096a:	469a      	mov	sl, r3
8780096c:	e9cd ab0c 	strd	sl, fp, [sp, #48]	; 0x30
87800970:	f3c0 1803 	ubfx	r8, r0, #4, #4
87800974:	f3c0 2303 	ubfx	r3, r0, #8, #4
87800978:	0b02      	lsrs	r2, r0, #12
8780097a:	eb08 0103 	add.w	r1, r8, r3
8780097e:	f000 0e0f 	and.w	lr, r0, #15
87800982:	eb03 0c83 	add.w	ip, r3, r3, lsl #2
87800986:	4411      	add	r1, r2
87800988:	eb02 00c2 	add.w	r0, r2, r2, lsl #3
8780098c:	00ce      	lsls	r6, r1, #3
8780098e:	4440      	add	r0, r8
87800990:	eba6 0141 	sub.w	r1, r6, r1, lsl #1
87800994:	26cd      	movs	r6, #205	; 0xcd
87800996:	4460      	add	r0, ip
87800998:	4471      	add	r1, lr
8780099a:	46bc      	mov	ip, r7
8780099c:	fb06 f901 	mul.w	r9, r6, r1
878009a0:	3705      	adds	r7, #5
878009a2:	ea4f 29d9 	mov.w	r9, r9, lsr #11
878009a6:	4448      	add	r0, r9
878009a8:	ea4f 0ec9 	mov.w	lr, r9, lsl #3
878009ac:	fb06 f800 	mul.w	r8, r6, r0
878009b0:	eb0e 0e49 	add.w	lr, lr, r9, lsl #1
878009b4:	ebce 0101 	rsb	r1, lr, r1
878009b8:	ea4f 28d8 	mov.w	r8, r8, lsr #11
878009bc:	3130      	adds	r1, #48	; 0x30
878009be:	f807 1c0a 	strb.w	r1, [r7, #-10]
878009c2:	eb08 0343 	add.w	r3, r8, r3, lsl #1
878009c6:	ea4f 0ec8 	mov.w	lr, r8, lsl #3
878009ca:	0119      	lsls	r1, r3, #4
878009cc:	eb0e 0848 	add.w	r8, lr, r8, lsl #1
878009d0:	eba1 0183 	sub.w	r1, r1, r3, lsl #2
878009d4:	ebc8 0800 	rsb	r8, r8, r0
878009d8:	f108 0030 	add.w	r0, r8, #48	; 0x30
878009dc:	4419      	add	r1, r3
878009de:	f807 0c09 	strb.w	r0, [r7, #-9]
878009e2:	09c9      	lsrs	r1, r1, #7
878009e4:	eb01 0282 	add.w	r2, r1, r2, lsl #2
878009e8:	00c8      	lsls	r0, r1, #3
878009ea:	fb06 f602 	mul.w	r6, r6, r2
878009ee:	eb00 0141 	add.w	r1, r0, r1, lsl #1
878009f2:	1a5b      	subs	r3, r3, r1
878009f4:	3330      	adds	r3, #48	; 0x30
878009f6:	0af6      	lsrs	r6, r6, #11
878009f8:	f807 3c08 	strb.w	r3, [r7, #-8]
878009fc:	00f3      	lsls	r3, r6, #3
878009fe:	f106 0130 	add.w	r1, r6, #48	; 0x30
87800a02:	f807 1c06 	strb.w	r1, [r7, #-6]
87800a06:	eb03 0646 	add.w	r6, r3, r6, lsl #1
87800a0a:	1b92      	subs	r2, r2, r6
87800a0c:	3230      	adds	r2, #48	; 0x30
87800a0e:	f807 2c07 	strb.w	r2, [r7, #-7]
87800a12:	e9dd 2304 	ldrd	r2, r3, [sp, #16]
87800a16:	455b      	cmp	r3, fp
87800a18:	bf08      	it	eq
87800a1a:	4552      	cmpeq	r2, sl
87800a1c:	d219      	bcs.n	87800a52 <number+0x35a>
87800a1e:	9b03      	ldr	r3, [sp, #12]
87800a20:	465c      	mov	r4, fp
87800a22:	2500      	movs	r5, #0
87800a24:	ea4f 125a 	mov.w	r2, sl, lsr #5
87800a28:	ea54 0105 	orrs.w	r1, r4, r5
87800a2c:	fba2 2303 	umull	r2, r3, r2, r3
87800a30:	d094      	beq.n	8780095c <number+0x264>
87800a32:	f248 61a0 	movw	r1, #34464	; 0x86a0
87800a36:	a80c      	add	r0, sp, #48	; 0x30
87800a38:	f2c0 0101 	movt	r1, #1
87800a3c:	f7ff fbc2 	bl	878001c4 <__div64_32>
87800a40:	e9dd ab0c 	ldrd	sl, fp, [sp, #48]	; 0x30
87800a44:	e794      	b.n	87800970 <number+0x278>
87800a46:	4619      	mov	r1, r3
87800a48:	e700      	b.n	8780084c <number+0x154>
87800a4a:	4608      	mov	r0, r1
87800a4c:	e70b      	b.n	87800866 <number+0x16e>
87800a4e:	4623      	mov	r3, r4
87800a50:	e6e9      	b.n	87800826 <number+0x12e>
87800a52:	f8dd 801c 	ldr.w	r8, [sp, #28]
87800a56:	ab0f      	add	r3, sp, #60	; 0x3c
87800a58:	9c08      	ldr	r4, [sp, #32]
87800a5a:	9e09      	ldr	r6, [sp, #36]	; 0x24
87800a5c:	9303      	str	r3, [sp, #12]
87800a5e:	f3ca 1303 	ubfx	r3, sl, #4, #4
87800a62:	f3ca 2903 	ubfx	r9, sl, #8, #4
87800a66:	ea4f 3e1a 	mov.w	lr, sl, lsr #12
87800a6a:	eb03 0209 	add.w	r2, r3, r9
87800a6e:	f00a 070f 	and.w	r7, sl, #15
87800a72:	eb09 0589 	add.w	r5, r9, r9, lsl #2
87800a76:	4472      	add	r2, lr
87800a78:	eb0e 00ce 	add.w	r0, lr, lr, lsl #3
87800a7c:	00d1      	lsls	r1, r2, #3
87800a7e:	f04f 0acd 	mov.w	sl, #205	; 0xcd
87800a82:	4403      	add	r3, r0
87800a84:	eba1 0142 	sub.w	r1, r1, r2, lsl #1
87800a88:	442b      	add	r3, r5
87800a8a:	4439      	add	r1, r7
87800a8c:	fb0a f201 	mul.w	r2, sl, r1
87800a90:	0ad2      	lsrs	r2, r2, #11
87800a92:	00d0      	lsls	r0, r2, #3
87800a94:	eb00 0042 	add.w	r0, r0, r2, lsl #1
87800a98:	189a      	adds	r2, r3, r2
87800a9a:	bf08      	it	eq
87800a9c:	f10c 0501 	addeq.w	r5, ip, #1
87800aa0:	eba1 0100 	sub.w	r1, r1, r0
87800aa4:	f101 0130 	add.w	r1, r1, #48	; 0x30
87800aa8:	f88c 1000 	strb.w	r1, [ip]
87800aac:	d037      	beq.n	87800b1e <number+0x426>
87800aae:	fb0a f102 	mul.w	r1, sl, r2
87800ab2:	0ac9      	lsrs	r1, r1, #11
87800ab4:	00c8      	lsls	r0, r1, #3
87800ab6:	eb01 0349 	add.w	r3, r1, r9, lsl #1
87800aba:	eb00 0141 	add.w	r1, r0, r1, lsl #1
87800abe:	1a52      	subs	r2, r2, r1
87800ac0:	3230      	adds	r2, #48	; 0x30
87800ac2:	f88c 2001 	strb.w	r2, [ip, #1]
87800ac6:	ea53 020e 	orrs.w	r2, r3, lr
87800aca:	bf08      	it	eq
87800acc:	f10c 0502 	addeq.w	r5, ip, #2
87800ad0:	d025      	beq.n	87800b1e <number+0x426>
87800ad2:	011a      	lsls	r2, r3, #4
87800ad4:	eba2 0283 	sub.w	r2, r2, r3, lsl #2
87800ad8:	441a      	add	r2, r3
87800ada:	09d2      	lsrs	r2, r2, #7
87800adc:	00d1      	lsls	r1, r2, #3
87800ade:	eb01 0142 	add.w	r1, r1, r2, lsl #1
87800ae2:	eb12 028e 	adds.w	r2, r2, lr, lsl #2
87800ae6:	eba3 0301 	sub.w	r3, r3, r1
87800aea:	bf08      	it	eq
87800aec:	f10c 0503 	addeq.w	r5, ip, #3
87800af0:	f103 0330 	add.w	r3, r3, #48	; 0x30
87800af4:	f88c 3002 	strb.w	r3, [ip, #2]
87800af8:	d011      	beq.n	87800b1e <number+0x426>
87800afa:	fb0a f302 	mul.w	r3, sl, r2
87800afe:	f10c 0504 	add.w	r5, ip, #4
87800b02:	0adb      	lsrs	r3, r3, #11
87800b04:	00d9      	lsls	r1, r3, #3
87800b06:	eb01 0143 	add.w	r1, r1, r3, lsl #1
87800b0a:	1a52      	subs	r2, r2, r1
87800b0c:	3230      	adds	r2, #48	; 0x30
87800b0e:	f88c 2003 	strb.w	r2, [ip, #3]
87800b12:	b123      	cbz	r3, 87800b1e <number+0x426>
87800b14:	f10c 0505 	add.w	r5, ip, #5
87800b18:	3330      	adds	r3, #48	; 0x30
87800b1a:	f88c 3004 	strb.w	r3, [ip, #4]
87800b1e:	9b03      	ldr	r3, [sp, #12]
87800b20:	1aed      	subs	r5, r5, r3
87800b22:	e6d4      	b.n	878008ce <number+0x1d6>
87800b24:	4670      	mov	r0, lr
87800b26:	e644      	b.n	878007b2 <number+0xba>
87800b28:	4638      	mov	r0, r7
87800b2a:	e66e      	b.n	8780080a <number+0x112>
87800b2c:	ab0f      	add	r3, sp, #60	; 0x3c
87800b2e:	9303      	str	r3, [sp, #12]
87800b30:	469c      	mov	ip, r3
87800b32:	e794      	b.n	87800a5e <number+0x366>

87800b34 <simple_strtoul>:
87800b34:	b5f0      	push	{r4, r5, r6, r7, lr}
87800b36:	4606      	mov	r6, r0
87800b38:	b96a      	cbnz	r2, 87800b56 <simple_strtoul+0x22>
87800b3a:	7804      	ldrb	r4, [r0, #0]
87800b3c:	2c30      	cmp	r4, #48	; 0x30
87800b3e:	d043      	beq.n	87800bc8 <simple_strtoul+0x94>
87800b40:	f642 47cc 	movw	r7, #11468	; 0x2ccc
87800b44:	4623      	mov	r3, r4
87800b46:	f2c8 7780 	movt	r7, #34688	; 0x8780
87800b4a:	220a      	movs	r2, #10
87800b4c:	f817 e004 	ldrb.w	lr, [r7, r4]
87800b50:	f00e 0544 	and.w	r5, lr, #68	; 0x44
87800b54:	e00b      	b.n	87800b6e <simple_strtoul+0x3a>
87800b56:	2a10      	cmp	r2, #16
87800b58:	d029      	beq.n	87800bae <simple_strtoul+0x7a>
87800b5a:	7803      	ldrb	r3, [r0, #0]
87800b5c:	f642 47cc 	movw	r7, #11468	; 0x2ccc
87800b60:	f2c8 7780 	movt	r7, #34688	; 0x8780
87800b64:	f817 e003 	ldrb.w	lr, [r7, r3]
87800b68:	461c      	mov	r4, r3
87800b6a:	f00e 0544 	and.w	r5, lr, #68	; 0x44
87800b6e:	4628      	mov	r0, r5
87800b70:	b1d5      	cbz	r5, 87800ba8 <simple_strtoul+0x74>
87800b72:	2000      	movs	r0, #0
87800b74:	e009      	b.n	87800b8a <simple_strtoul+0x56>
87800b76:	f816 3f01 	ldrb.w	r3, [r6, #1]!
87800b7a:	fb02 4000 	mla	r0, r2, r0, r4
87800b7e:	f817 e003 	ldrb.w	lr, [r7, r3]
87800b82:	461c      	mov	r4, r3
87800b84:	f01e 0f44 	tst.w	lr, #68	; 0x44
87800b88:	d00e      	beq.n	87800ba8 <simple_strtoul+0x74>
87800b8a:	f01e 0f04 	tst.w	lr, #4
87800b8e:	f1a4 0430 	sub.w	r4, r4, #48	; 0x30
87800b92:	d107      	bne.n	87800ba4 <simple_strtoul+0x70>
87800b94:	f1a3 0420 	sub.w	r4, r3, #32
87800b98:	f01e 0f02 	tst.w	lr, #2
87800b9c:	bf18      	it	ne
87800b9e:	b2e3      	uxtbne	r3, r4
87800ba0:	f1a3 0437 	sub.w	r4, r3, #55	; 0x37
87800ba4:	4294      	cmp	r4, r2
87800ba6:	d3e6      	bcc.n	87800b76 <simple_strtoul+0x42>
87800ba8:	b101      	cbz	r1, 87800bac <simple_strtoul+0x78>
87800baa:	600e      	str	r6, [r1, #0]
87800bac:	bdf0      	pop	{r4, r5, r6, r7, pc}
87800bae:	7804      	ldrb	r4, [r0, #0]
87800bb0:	2c30      	cmp	r4, #48	; 0x30
87800bb2:	d020      	beq.n	87800bf6 <simple_strtoul+0xc2>
87800bb4:	f642 47cc 	movw	r7, #11468	; 0x2ccc
87800bb8:	4623      	mov	r3, r4
87800bba:	f2c8 7780 	movt	r7, #34688	; 0x8780
87800bbe:	f817 e004 	ldrb.w	lr, [r7, r4]
87800bc2:	f00e 0544 	and.w	r5, lr, #68	; 0x44
87800bc6:	e7d2      	b.n	87800b6e <simple_strtoul+0x3a>
87800bc8:	7843      	ldrb	r3, [r0, #1]
87800bca:	f642 47cc 	movw	r7, #11468	; 0x2ccc
87800bce:	f2c8 7780 	movt	r7, #34688	; 0x8780
87800bd2:	3001      	adds	r0, #1
87800bd4:	f817 e003 	ldrb.w	lr, [r7, r3]
87800bd8:	461c      	mov	r4, r3
87800bda:	f01e 0f02 	tst.w	lr, #2
87800bde:	bf16      	itet	ne
87800be0:	f1a3 0220 	subne.w	r2, r3, #32
87800be4:	461a      	moveq	r2, r3
87800be6:	b2d2      	uxtbne	r2, r2
87800be8:	2a58      	cmp	r2, #88	; 0x58
87800bea:	d01d      	beq.n	87800c28 <simple_strtoul+0xf4>
87800bec:	4606      	mov	r6, r0
87800bee:	f00e 0544 	and.w	r5, lr, #68	; 0x44
87800bf2:	2208      	movs	r2, #8
87800bf4:	e7bb      	b.n	87800b6e <simple_strtoul+0x3a>
87800bf6:	7843      	ldrb	r3, [r0, #1]
87800bf8:	f642 47cc 	movw	r7, #11468	; 0x2ccc
87800bfc:	f2c8 7780 	movt	r7, #34688	; 0x8780
87800c00:	5cf8      	ldrb	r0, [r7, r3]
87800c02:	0780      	lsls	r0, r0, #30
87800c04:	bf44      	itt	mi
87800c06:	3b20      	submi	r3, #32
87800c08:	b2db      	uxtbmi	r3, r3
87800c0a:	2b58      	cmp	r3, #88	; 0x58
87800c0c:	bf0f      	iteee	eq
87800c0e:	78b3      	ldrbeq	r3, [r6, #2]
87800c10:	2430      	movne	r4, #48	; 0x30
87800c12:	f897 e030 	ldrbne.w	lr, [r7, #48]	; 0x30
87800c16:	4623      	movne	r3, r4
87800c18:	bf02      	ittt	eq
87800c1a:	3602      	addeq	r6, #2
87800c1c:	f817 e003 	ldrbeq.w	lr, [r7, r3]
87800c20:	461c      	moveq	r4, r3
87800c22:	f00e 0544 	and.w	r5, lr, #68	; 0x44
87800c26:	e7a2      	b.n	87800b6e <simple_strtoul+0x3a>
87800c28:	78b5      	ldrb	r5, [r6, #2]
87800c2a:	5d7a      	ldrb	r2, [r7, r5]
87800c2c:	f012 0f44 	tst.w	r2, #68	; 0x44
87800c30:	d0dc      	beq.n	87800bec <simple_strtoul+0xb8>
87800c32:	4696      	mov	lr, r2
87800c34:	462c      	mov	r4, r5
87800c36:	3602      	adds	r6, #2
87800c38:	462b      	mov	r3, r5
87800c3a:	2210      	movs	r2, #16
87800c3c:	e799      	b.n	87800b72 <simple_strtoul+0x3e>
87800c3e:	bf00      	nop

87800c40 <simple_strtol>:
87800c40:	b510      	push	{r4, lr}
87800c42:	7804      	ldrb	r4, [r0, #0]
87800c44:	2c2d      	cmp	r4, #45	; 0x2d
87800c46:	d003      	beq.n	87800c50 <simple_strtol+0x10>
87800c48:	e8bd 4010 	ldmia.w	sp!, {r4, lr}
87800c4c:	f7ff bf72 	b.w	87800b34 <simple_strtoul>
87800c50:	3001      	adds	r0, #1
87800c52:	f7ff ff6f 	bl	87800b34 <simple_strtoul>
87800c56:	4240      	negs	r0, r0
87800c58:	bd10      	pop	{r4, pc}
87800c5a:	bf00      	nop

87800c5c <simple_strtoull>:
87800c5c:	e92d 4ff0 	stmdb	sp!, {r4, r5, r6, r7, r8, r9, sl, fp, lr}
87800c60:	4684      	mov	ip, r0
87800c62:	468a      	mov	sl, r1
87800c64:	4616      	mov	r6, r2
87800c66:	2a00      	cmp	r2, #0
87800c68:	d13f      	bne.n	87800cea <simple_strtoull+0x8e>
87800c6a:	7802      	ldrb	r2, [r0, #0]
87800c6c:	2a30      	cmp	r2, #48	; 0x30
87800c6e:	d056      	beq.n	87800d1e <simple_strtoull+0xc2>
87800c70:	f642 4bcc 	movw	fp, #11468	; 0x2ccc
87800c74:	4613      	mov	r3, r2
87800c76:	f2c8 7b80 	movt	fp, #34688	; 0x8780
87800c7a:	260a      	movs	r6, #10
87800c7c:	f81b e002 	ldrb.w	lr, [fp, r2]
87800c80:	f00e 0144 	and.w	r1, lr, #68	; 0x44
87800c84:	2900      	cmp	r1, #0
87800c86:	d061      	beq.n	87800d4c <simple_strtoull+0xf0>
87800c88:	2700      	movs	r7, #0
87800c8a:	2000      	movs	r0, #0
87800c8c:	2100      	movs	r1, #0
87800c8e:	e00e      	b.n	87800cae <simple_strtoull+0x52>
87800c90:	f81c 3f01 	ldrb.w	r3, [ip, #1]!
87800c94:	fb06 2101 	mla	r1, r6, r1, r2
87800c98:	eb14 0008 	adds.w	r0, r4, r8
87800c9c:	f81b e003 	ldrb.w	lr, [fp, r3]
87800ca0:	461a      	mov	r2, r3
87800ca2:	4489      	add	r9, r1
87800ca4:	eb45 0109 	adc.w	r1, r5, r9
87800ca8:	f01e 0f44 	tst.w	lr, #68	; 0x44
87800cac:	d016      	beq.n	87800cdc <simple_strtoull+0x80>
87800cae:	f01e 0f04 	tst.w	lr, #4
87800cb2:	f1a2 0430 	sub.w	r4, r2, #48	; 0x30
87800cb6:	d108      	bne.n	87800cca <simple_strtoull+0x6e>
87800cb8:	3b20      	subs	r3, #32
87800cba:	f01e 0f02 	tst.w	lr, #2
87800cbe:	b2db      	uxtb	r3, r3
87800cc0:	f1a2 0437 	sub.w	r4, r2, #55	; 0x37
87800cc4:	bf18      	it	ne
87800cc6:	f1a3 0437 	subne.w	r4, r3, #55	; 0x37
87800cca:	17e5      	asrs	r5, r4, #31
87800ccc:	fb00 f207 	mul.w	r2, r0, r7
87800cd0:	42bd      	cmp	r5, r7
87800cd2:	fba0 8906 	umull	r8, r9, r0, r6
87800cd6:	bf08      	it	eq
87800cd8:	42b4      	cmpeq	r4, r6
87800cda:	d3d9      	bcc.n	87800c90 <simple_strtoull+0x34>
87800cdc:	f1ba 0f00 	cmp.w	sl, #0
87800ce0:	d001      	beq.n	87800ce6 <simple_strtoull+0x8a>
87800ce2:	f8ca c000 	str.w	ip, [sl]
87800ce6:	e8bd 8ff0 	ldmia.w	sp!, {r4, r5, r6, r7, r8, r9, sl, fp, pc}
87800cea:	2a10      	cmp	r2, #16
87800cec:	d00a      	beq.n	87800d04 <simple_strtoull+0xa8>
87800cee:	7803      	ldrb	r3, [r0, #0]
87800cf0:	f642 4bcc 	movw	fp, #11468	; 0x2ccc
87800cf4:	f2c8 7b80 	movt	fp, #34688	; 0x8780
87800cf8:	f81b e003 	ldrb.w	lr, [fp, r3]
87800cfc:	461a      	mov	r2, r3
87800cfe:	f00e 0144 	and.w	r1, lr, #68	; 0x44
87800d02:	e7bf      	b.n	87800c84 <simple_strtoull+0x28>
87800d04:	7802      	ldrb	r2, [r0, #0]
87800d06:	2a30      	cmp	r2, #48	; 0x30
87800d08:	d031      	beq.n	87800d6e <simple_strtoull+0x112>
87800d0a:	f642 4bcc 	movw	fp, #11468	; 0x2ccc
87800d0e:	4613      	mov	r3, r2
87800d10:	f2c8 7b80 	movt	fp, #34688	; 0x8780
87800d14:	f81b e002 	ldrb.w	lr, [fp, r2]
87800d18:	f00e 0144 	and.w	r1, lr, #68	; 0x44
87800d1c:	e7b2      	b.n	87800c84 <simple_strtoull+0x28>
87800d1e:	7843      	ldrb	r3, [r0, #1]
87800d20:	f642 4bcc 	movw	fp, #11468	; 0x2ccc
87800d24:	f2c8 7b80 	movt	fp, #34688	; 0x8780
87800d28:	3001      	adds	r0, #1
87800d2a:	f81b e003 	ldrb.w	lr, [fp, r3]
87800d2e:	461a      	mov	r2, r3
87800d30:	f01e 0f02 	tst.w	lr, #2
87800d34:	bf16      	itet	ne
87800d36:	f1a3 0120 	subne.w	r1, r3, #32
87800d3a:	4619      	moveq	r1, r3
87800d3c:	b2c9      	uxtbne	r1, r1
87800d3e:	2958      	cmp	r1, #88	; 0x58
87800d40:	d007      	beq.n	87800d52 <simple_strtoull+0xf6>
87800d42:	4684      	mov	ip, r0
87800d44:	f00e 0144 	and.w	r1, lr, #68	; 0x44
87800d48:	2608      	movs	r6, #8
87800d4a:	e79b      	b.n	87800c84 <simple_strtoull+0x28>
87800d4c:	2000      	movs	r0, #0
87800d4e:	2100      	movs	r1, #0
87800d50:	e7c4      	b.n	87800cdc <simple_strtoull+0x80>
87800d52:	f89c 4002 	ldrb.w	r4, [ip, #2]
87800d56:	f81b 1004 	ldrb.w	r1, [fp, r4]
87800d5a:	f011 0f44 	tst.w	r1, #68	; 0x44
87800d5e:	d0f0      	beq.n	87800d42 <simple_strtoull+0xe6>
87800d60:	4622      	mov	r2, r4
87800d62:	f10c 0c02 	add.w	ip, ip, #2
87800d66:	468e      	mov	lr, r1
87800d68:	4623      	mov	r3, r4
87800d6a:	2610      	movs	r6, #16
87800d6c:	e78c      	b.n	87800c88 <simple_strtoull+0x2c>
87800d6e:	7843      	ldrb	r3, [r0, #1]
87800d70:	f642 4bcc 	movw	fp, #11468	; 0x2ccc
87800d74:	f2c8 7b80 	movt	fp, #34688	; 0x8780
87800d78:	f81b 2003 	ldrb.w	r2, [fp, r3]
87800d7c:	0792      	lsls	r2, r2, #30
87800d7e:	bf44      	itt	mi
87800d80:	3b20      	submi	r3, #32
87800d82:	b2db      	uxtbmi	r3, r3
87800d84:	2b58      	cmp	r3, #88	; 0x58
87800d86:	bf0f      	iteee	eq
87800d88:	7883      	ldrbeq	r3, [r0, #2]
87800d8a:	2230      	movne	r2, #48	; 0x30
87800d8c:	f89b e030 	ldrbne.w	lr, [fp, #48]	; 0x30
87800d90:	4613      	movne	r3, r2
87800d92:	bf02      	ittt	eq
87800d94:	f100 0c02 	addeq.w	ip, r0, #2
87800d98:	f81b e003 	ldrbeq.w	lr, [fp, r3]
87800d9c:	461a      	moveq	r2, r3
87800d9e:	f00e 0144 	and.w	r1, lr, #68	; 0x44
87800da2:	e76f      	b.n	87800c84 <simple_strtoull+0x28>

87800da4 <simple_strtoll>:
87800da4:	b510      	push	{r4, lr}
87800da6:	7804      	ldrb	r4, [r0, #0]
87800da8:	2c2d      	cmp	r4, #45	; 0x2d
87800daa:	d003      	beq.n	87800db4 <simple_strtoll+0x10>
87800dac:	e8bd 4010 	ldmia.w	sp!, {r4, lr}
87800db0:	f7ff bf54 	b.w	87800c5c <simple_strtoull>
87800db4:	3001      	adds	r0, #1
87800db6:	f7ff ff51 	bl	87800c5c <simple_strtoull>
87800dba:	4240      	negs	r0, r0
87800dbc:	eb61 0141 	sbc.w	r1, r1, r1, lsl #1
87800dc0:	bd10      	pop	{r4, pc}
87800dc2:	bf00      	nop

87800dc4 <vsnprintf>:
87800dc4:	e92d 4ff0 	stmdb	sp!, {r4, r5, r6, r7, r8, r9, sl, fp, lr}
87800dc8:	f1b1 0b00 	subs.w	fp, r1, #0
87800dcc:	b089      	sub	sp, #36	; 0x24
87800dce:	f2c0 82f6 	blt.w	878013be <vsnprintf+0x5fa>
87800dd2:	f10b 38ff 	add.w	r8, fp, #4294967295	; 0xffffffff
87800dd6:	469a      	mov	sl, r3
87800dd8:	4480      	add	r8, r0
87800dda:	1e43      	subs	r3, r0, #1
87800ddc:	4598      	cmp	r8, r3
87800dde:	4605      	mov	r5, r0
87800de0:	4614      	mov	r4, r2
87800de2:	7810      	ldrb	r0, [r2, #0]
87800de4:	f0c0 81c7 	bcc.w	87801176 <vsnprintf+0x3b2>
87800de8:	2800      	cmp	r0, #0
87800dea:	f000 82f3 	beq.w	878013d4 <vsnprintf+0x610>
87800dee:	9505      	str	r5, [sp, #20]
87800df0:	f642 43c4 	movw	r3, #11460	; 0x2cc4
87800df4:	f642 49cc 	movw	r9, #11468	; 0x2ccc
87800df8:	f2c8 7380 	movt	r3, #34688	; 0x8780
87800dfc:	f2c8 7980 	movt	r9, #34688	; 0x8780
87800e00:	9306      	str	r3, [sp, #24]
87800e02:	e008      	b.n	87800e16 <vsnprintf+0x52>
87800e04:	45a8      	cmp	r8, r5
87800e06:	bf28      	it	cs
87800e08:	7028      	strbcs	r0, [r5, #0]
87800e0a:	7860      	ldrb	r0, [r4, #1]
87800e0c:	3501      	adds	r5, #1
87800e0e:	3401      	adds	r4, #1
87800e10:	2800      	cmp	r0, #0
87800e12:	f000 8140 	beq.w	87801096 <vsnprintf+0x2d2>
87800e16:	2825      	cmp	r0, #37	; 0x25
87800e18:	bf08      	it	eq
87800e1a:	2700      	moveq	r7, #0
87800e1c:	d1f2      	bne.n	87800e04 <vsnprintf+0x40>
87800e1e:	7861      	ldrb	r1, [r4, #1]
87800e20:	1c62      	adds	r2, r4, #1
87800e22:	f1a1 0320 	sub.w	r3, r1, #32
87800e26:	2b10      	cmp	r3, #16
87800e28:	d81e      	bhi.n	87800e68 <vsnprintf+0xa4>
87800e2a:	e8df f003 	tbb	[pc, r3]
87800e2e:	151d1d19 	ldrne	r1, [sp, #-3353]	; 0xd19
87800e32:	1d1d1d1d 	ldcne	13, cr1, [sp, #-116]	; 0xffffff8c
87800e36:	111d1d1d 	tstne	sp, sp, lsl sp
87800e3a:	1d1d0d1d 	ldcne	13, cr0, [sp, #-116]	; 0xffffff8c
87800e3e:	f0470009 			; <UNDEFINED> instruction: 0xf0470009
87800e42:	0701      	lsls	r1, r0, #28
87800e44:	4614      	mov	r4, r2
87800e46:	e7ea      	b.n	87800e1e <vsnprintf+0x5a>
87800e48:	f047 0710 	orr.w	r7, r7, #16
87800e4c:	4614      	mov	r4, r2
87800e4e:	e7e6      	b.n	87800e1e <vsnprintf+0x5a>
87800e50:	f047 0704 	orr.w	r7, r7, #4
87800e54:	4614      	mov	r4, r2
87800e56:	e7e2      	b.n	87800e1e <vsnprintf+0x5a>
87800e58:	f047 0720 	orr.w	r7, r7, #32
87800e5c:	4614      	mov	r4, r2
87800e5e:	e7de      	b.n	87800e1e <vsnprintf+0x5a>
87800e60:	f047 0708 	orr.w	r7, r7, #8
87800e64:	4614      	mov	r4, r2
87800e66:	e7da      	b.n	87800e1e <vsnprintf+0x5a>
87800e68:	f819 3001 	ldrb.w	r3, [r9, r1]
87800e6c:	4608      	mov	r0, r1
87800e6e:	075e      	lsls	r6, r3, #29
87800e70:	f140 80dd 	bpl.w	8780102e <vsnprintf+0x26a>
87800e74:	2600      	movs	r6, #0
87800e76:	00f3      	lsls	r3, r6, #3
87800e78:	eb03 0646 	add.w	r6, r3, r6, lsl #1
87800e7c:	4406      	add	r6, r0
87800e7e:	f812 0f01 	ldrb.w	r0, [r2, #1]!
87800e82:	3e30      	subs	r6, #48	; 0x30
87800e84:	f819 3000 	ldrb.w	r3, [r9, r0]
87800e88:	075c      	lsls	r4, r3, #29
87800e8a:	d4f4      	bmi.n	87800e76 <vsnprintf+0xb2>
87800e8c:	4603      	mov	r3, r0
87800e8e:	2b2e      	cmp	r3, #46	; 0x2e
87800e90:	bf18      	it	ne
87800e92:	f04f 31ff 	movne.w	r1, #4294967295	; 0xffffffff
87800e96:	f000 80e2 	beq.w	8780105e <vsnprintf+0x29a>
87800e9a:	f003 00df 	and.w	r0, r3, #223	; 0xdf
87800e9e:	285a      	cmp	r0, #90	; 0x5a
87800ea0:	bf18      	it	ne
87800ea2:	284c      	cmpne	r0, #76	; 0x4c
87800ea4:	bf0c      	ite	eq
87800ea6:	2001      	moveq	r0, #1
87800ea8:	2000      	movne	r0, #0
87800eaa:	2b68      	cmp	r3, #104	; 0x68
87800eac:	bf08      	it	eq
87800eae:	f040 0001 	orreq.w	r0, r0, #1
87800eb2:	2800      	cmp	r0, #0
87800eb4:	d15b      	bne.n	87800f6e <vsnprintf+0x1aa>
87800eb6:	f04f 30ff 	mov.w	r0, #4294967295	; 0xffffffff
87800eba:	3b25      	subs	r3, #37	; 0x25
87800ebc:	2b53      	cmp	r3, #83	; 0x53
87800ebe:	f200 8234 	bhi.w	8780132a <vsnprintf+0x566>
87800ec2:	e8df f013 	tbh	[pc, r3, lsl #1]
87800ec6:	023201e7 	eorseq	r0, r2, #-1073741767	; 0xc0000039
87800eca:	02320232 	eorseq	r0, r2, #536870915	; 0x20000003
87800ece:	02320232 	eorseq	r0, r2, #536870915	; 0x20000003
87800ed2:	02320232 	eorseq	r0, r2, #536870915	; 0x20000003
87800ed6:	02320232 	eorseq	r0, r2, #536870915	; 0x20000003
87800eda:	02320232 	eorseq	r0, r2, #536870915	; 0x20000003
87800ede:	02320232 	eorseq	r0, r2, #536870915	; 0x20000003
87800ee2:	02320232 	eorseq	r0, r2, #536870915	; 0x20000003
87800ee6:	02320232 	eorseq	r0, r2, #536870915	; 0x20000003
87800eea:	02320232 	eorseq	r0, r2, #536870915	; 0x20000003
87800eee:	02320232 	eorseq	r0, r2, #536870915	; 0x20000003
87800ef2:	02320232 	eorseq	r0, r2, #536870915	; 0x20000003
87800ef6:	02320232 	eorseq	r0, r2, #536870915	; 0x20000003
87800efa:	02320232 	eorseq	r0, r2, #536870915	; 0x20000003
87800efe:	02320232 	eorseq	r0, r2, #536870915	; 0x20000003
87800f02:	02320232 	eorseq	r0, r2, #536870915	; 0x20000003
87800f06:	02320232 	eorseq	r0, r2, #536870915	; 0x20000003
87800f0a:	02320232 	eorseq	r0, r2, #536870915	; 0x20000003
87800f0e:	02320232 	eorseq	r0, r2, #536870915	; 0x20000003
87800f12:	02320232 	eorseq	r0, r2, #536870915	; 0x20000003
87800f16:	02320232 	eorseq	r0, r2, #536870915	; 0x20000003
87800f1a:	02320232 	eorseq	r0, r2, #536870915	; 0x20000003
87800f1e:	02320232 	eorseq	r0, r2, #536870915	; 0x20000003
87800f22:	02320232 	eorseq	r0, r2, #536870915	; 0x20000003
87800f26:	02320232 	eorseq	r0, r2, #536870915	; 0x20000003
87800f2a:	016e0232 	cmneq	lr, r2, lsr r2
87800f2e:	02320232 	eorseq	r0, r2, #536870915	; 0x20000003
87800f32:	02320232 	eorseq	r0, r2, #536870915	; 0x20000003
87800f36:	02320232 	eorseq	r0, r2, #536870915	; 0x20000003
87800f3a:	02320232 	eorseq	r0, r2, #536870915	; 0x20000003
87800f3e:	02320232 	eorseq	r0, r2, #536870915	; 0x20000003
87800f42:	01b301b9 			; <UNDEFINED> instruction: 0x01b301b9
87800f46:	02320232 	eorseq	r0, r2, #536870915	; 0x20000003
87800f4a:	02320232 	eorseq	r0, r2, #536870915	; 0x20000003
87800f4e:	023201b3 	eorseq	r0, r2, #-1073741780	; 0xc000002c
87800f52:	02320232 	eorseq	r0, r2, #536870915	; 0x20000003
87800f56:	025a0232 	subseq	r0, sl, #536870915	; 0x20000003
87800f5a:	019701af 	orrseq	r0, r7, pc, lsr #3
87800f5e:	02320232 	eorseq	r0, r2, #536870915	; 0x20000003
87800f62:	023201ed 	eorseq	r0, r2, #1073741883	; 0x4000003b
87800f66:	0232026c 	eorseq	r0, r2, #108, 4	; 0xc0000006
87800f6a:	026a0232 	rsbeq	r0, sl, #536870915	; 0x20000003
87800f6e:	4618      	mov	r0, r3
87800f70:	1c54      	adds	r4, r2, #1
87800f72:	286c      	cmp	r0, #108	; 0x6c
87800f74:	7853      	ldrb	r3, [r2, #1]
87800f76:	f000 809c 	beq.w	878010b2 <vsnprintf+0x2ee>
87800f7a:	3b25      	subs	r3, #37	; 0x25
87800f7c:	2b53      	cmp	r3, #83	; 0x53
87800f7e:	f200 81d5 	bhi.w	8780132c <vsnprintf+0x568>
87800f82:	e8df f013 	tbh	[pc, r3, lsl #1]
87800f86:	01d30188 	bicseq	r0, r3, r8, lsl #3
87800f8a:	01d301d3 	ldrsbeq	r0, [r3, #19]
87800f8e:	01d301d3 	ldrsbeq	r0, [r3, #19]
87800f92:	01d301d3 	ldrsbeq	r0, [r3, #19]
87800f96:	01d301d3 	ldrsbeq	r0, [r3, #19]
87800f9a:	01d301d3 	ldrsbeq	r0, [r3, #19]
87800f9e:	01d301d3 	ldrsbeq	r0, [r3, #19]
87800fa2:	01d301d3 	ldrsbeq	r0, [r3, #19]
87800fa6:	01d301d3 	ldrsbeq	r0, [r3, #19]
87800faa:	01d301d3 	ldrsbeq	r0, [r3, #19]
87800fae:	01d301d3 	ldrsbeq	r0, [r3, #19]
87800fb2:	01d301d3 	ldrsbeq	r0, [r3, #19]
87800fb6:	01d301d3 	ldrsbeq	r0, [r3, #19]
87800fba:	01d301d3 	ldrsbeq	r0, [r3, #19]
87800fbe:	01d301d3 	ldrsbeq	r0, [r3, #19]
87800fc2:	01d301d3 	ldrsbeq	r0, [r3, #19]
87800fc6:	01d301d3 	ldrsbeq	r0, [r3, #19]
87800fca:	01d301d3 	ldrsbeq	r0, [r3, #19]
87800fce:	01d301d3 	ldrsbeq	r0, [r3, #19]
87800fd2:	01d301d3 	ldrsbeq	r0, [r3, #19]
87800fd6:	01d301d3 	ldrsbeq	r0, [r3, #19]
87800fda:	01d301d3 	ldrsbeq	r0, [r3, #19]
87800fde:	01d301d3 	ldrsbeq	r0, [r3, #19]
87800fe2:	01d301d3 	ldrsbeq	r0, [r3, #19]
87800fe6:	01d301d3 	ldrsbeq	r0, [r3, #19]
87800fea:	010f01d3 	ldrdeq	r0, [pc, -r3]
87800fee:	01d301d3 	ldrsbeq	r0, [r3, #19]
87800ff2:	01d301d3 	ldrsbeq	r0, [r3, #19]
87800ff6:	01d301d3 	ldrsbeq	r0, [r3, #19]
87800ffa:	01d301d3 	ldrsbeq	r0, [r3, #19]
87800ffe:	01d301d3 	ldrsbeq	r0, [r3, #19]
87801002:	0154015a 	cmpeq	r4, sl, asr r1
87801006:	01d301d3 	ldrsbeq	r0, [r3, #19]
8780100a:	01d301d3 	ldrsbeq	r0, [r3, #19]
8780100e:	01d30154 	bicseq	r0, r3, r4, asr r1
87801012:	01d301d3 	ldrsbeq	r0, [r3, #19]
87801016:	01fb01d3 	ldrsbeq	r0, [fp, #19]!
8780101a:	01380150 	teqeq	r8, r0, asr r1
8780101e:	01d301d3 	ldrsbeq	r0, [r3, #19]
87801022:	01d3018e 	bicseq	r0, r3, lr, lsl #3
87801026:	01d3012e 	bicseq	r0, r3, lr, lsr #2
8780102a:	011101d3 			; <UNDEFINED> instruction: 0x011101d3
8780102e:	292a      	cmp	r1, #42	; 0x2a
87801030:	bf1c      	itt	ne
87801032:	460b      	movne	r3, r1
87801034:	f04f 36ff 	movne.w	r6, #4294967295	; 0xffffffff
87801038:	f47f af29 	bne.w	87800e8e <vsnprintf+0xca>
8780103c:	f8da 6000 	ldr.w	r6, [sl]
87801040:	1ca2      	adds	r2, r4, #2
87801042:	78a3      	ldrb	r3, [r4, #2]
87801044:	f10a 0a04 	add.w	sl, sl, #4
87801048:	2e00      	cmp	r6, #0
8780104a:	bfbc      	itt	lt
8780104c:	4276      	neglt	r6, r6
8780104e:	f047 0710 	orrlt.w	r7, r7, #16
87801052:	2b2e      	cmp	r3, #46	; 0x2e
87801054:	bf18      	it	ne
87801056:	f04f 31ff 	movne.w	r1, #4294967295	; 0xffffffff
8780105a:	f47f af1e 	bne.w	87800e9a <vsnprintf+0xd6>
8780105e:	7853      	ldrb	r3, [r2, #1]
87801060:	1c54      	adds	r4, r2, #1
87801062:	f819 0003 	ldrb.w	r0, [r9, r3]
87801066:	f000 0004 	and.w	r0, r0, #4
8780106a:	f000 01ff 	and.w	r1, r0, #255	; 0xff
8780106e:	2800      	cmp	r0, #0
87801070:	f000 808a 	beq.w	87801188 <vsnprintf+0x3c4>
87801074:	2000      	movs	r0, #0
87801076:	4622      	mov	r2, r4
87801078:	4601      	mov	r1, r0
8780107a:	00cc      	lsls	r4, r1, #3
8780107c:	eb04 0141 	add.w	r1, r4, r1, lsl #1
87801080:	4419      	add	r1, r3
87801082:	f812 3f01 	ldrb.w	r3, [r2, #1]!
87801086:	3930      	subs	r1, #48	; 0x30
87801088:	f819 0003 	ldrb.w	r0, [r9, r3]
8780108c:	0740      	lsls	r0, r0, #29
8780108e:	d4f4      	bmi.n	8780107a <vsnprintf+0x2b6>
87801090:	ea21 71e1 	bic.w	r1, r1, r1, asr #31
87801094:	e701      	b.n	87800e9a <vsnprintf+0xd6>
87801096:	462b      	mov	r3, r5
87801098:	9a05      	ldr	r2, [sp, #20]
8780109a:	1aa8      	subs	r0, r5, r2
8780109c:	4543      	cmp	r3, r8
8780109e:	d965      	bls.n	8780116c <vsnprintf+0x3a8>
878010a0:	f1bb 0f00 	cmp.w	fp, #0
878010a4:	d002      	beq.n	878010ac <vsnprintf+0x2e8>
878010a6:	2300      	movs	r3, #0
878010a8:	f888 3000 	strb.w	r3, [r8]
878010ac:	b009      	add	sp, #36	; 0x24
878010ae:	e8bd 8ff0 	ldmia.w	sp!, {r4, r5, r6, r7, r8, r9, sl, fp, pc}
878010b2:	2b6c      	cmp	r3, #108	; 0x6c
878010b4:	f000 816b 	beq.w	8780138e <vsnprintf+0x5ca>
878010b8:	3b25      	subs	r3, #37	; 0x25
878010ba:	2b53      	cmp	r3, #83	; 0x53
878010bc:	f200 8136 	bhi.w	8780132c <vsnprintf+0x568>
878010c0:	e8df f013 	tbh	[pc, r3, lsl #1]
878010c4:	013400e9 	teqeq	r4, r9, ror #1
878010c8:	01340134 	teqeq	r4, r4, lsr r1
878010cc:	01340134 	teqeq	r4, r4, lsr r1
878010d0:	01340134 	teqeq	r4, r4, lsr r1
878010d4:	01340134 	teqeq	r4, r4, lsr r1
878010d8:	01340134 	teqeq	r4, r4, lsr r1
878010dc:	01340134 	teqeq	r4, r4, lsr r1
878010e0:	01340134 	teqeq	r4, r4, lsr r1
878010e4:	01340134 	teqeq	r4, r4, lsr r1
878010e8:	01340134 	teqeq	r4, r4, lsr r1
878010ec:	01340134 	teqeq	r4, r4, lsr r1
878010f0:	01340134 	teqeq	r4, r4, lsr r1
878010f4:	01340134 	teqeq	r4, r4, lsr r1
878010f8:	01340134 	teqeq	r4, r4, lsr r1
878010fc:	01340134 	teqeq	r4, r4, lsr r1
87801100:	01340134 	teqeq	r4, r4, lsr r1
87801104:	01340134 	teqeq	r4, r4, lsr r1
87801108:	01340134 	teqeq	r4, r4, lsr r1
8780110c:	01340134 	teqeq	r4, r4, lsr r1
87801110:	01340134 	teqeq	r4, r4, lsr r1
87801114:	01340134 	teqeq	r4, r4, lsr r1
87801118:	01340134 	teqeq	r4, r4, lsr r1
8780111c:	01340134 	teqeq	r4, r4, lsr r1
87801120:	01340134 	teqeq	r4, r4, lsr r1
87801124:	01340134 	teqeq	r4, r4, lsr r1
87801128:	00700134 	rsbseq	r0, r0, r4, lsr r1
8780112c:	01340134 	teqeq	r4, r4, lsr r1
87801130:	01340134 	teqeq	r4, r4, lsr r1
87801134:	01340134 	teqeq	r4, r4, lsr r1
87801138:	01340134 	teqeq	r4, r4, lsr r1
8780113c:	01340134 	teqeq	r4, r4, lsr r1
87801140:	00b500bb 	ldrhteq	r0, [r5], fp
87801144:	01340134 	teqeq	r4, r4, lsr r1
87801148:	01340134 	teqeq	r4, r4, lsr r1
8780114c:	013400b5 	ldrheq	r0, [r4, -r5]!
87801150:	01340134 	teqeq	r4, r4, lsr r1
87801154:	01740134 	cmneq	r4, r4, lsr r1
87801158:	009900b1 	ldrheq	r0, [r9], r1
8780115c:	01340134 	teqeq	r4, r4, lsr r1
87801160:	013400ef 	teqeq	r4, pc, ror #1
87801164:	0134014f 	teqeq	r4, pc, asr #2
87801168:	00720134 	rsbseq	r0, r2, r4, lsr r1
8780116c:	2200      	movs	r2, #0
8780116e:	701a      	strb	r2, [r3, #0]
87801170:	b009      	add	sp, #36	; 0x24
87801172:	e8bd 8ff0 	ldmia.w	sp!, {r4, r5, r6, r7, r8, r9, sl, fp, pc}
87801176:	9505      	str	r5, [sp, #20]
87801178:	f1c5 0b00 	rsb	fp, r5, #0
8780117c:	462b      	mov	r3, r5
8780117e:	2800      	cmp	r0, #0
87801180:	d0f4      	beq.n	8780116c <vsnprintf+0x3a8>
87801182:	f04f 38ff 	mov.w	r8, #4294967295	; 0xffffffff
87801186:	e633      	b.n	87800df0 <vsnprintf+0x2c>
87801188:	2b2a      	cmp	r3, #42	; 0x2a
8780118a:	bf09      	itett	eq
8780118c:	f8da 1000 	ldreq.w	r1, [sl]
87801190:	4622      	movne	r2, r4
87801192:	7893      	ldrbeq	r3, [r2, #2]
87801194:	f10a 0a04 	addeq.w	sl, sl, #4
87801198:	bf04      	itt	eq
8780119a:	3202      	addeq	r2, #2
8780119c:	ea21 71e1 	biceq.w	r1, r1, r1, asr #31
878011a0:	e67b      	b.n	87800e9a <vsnprintf+0xd6>
878011a2:	4614      	mov	r4, r2
878011a4:	f047 0740 	orr.w	r7, r7, #64	; 0x40
878011a8:	f04f 0e10 	mov.w	lr, #16
878011ac:	284c      	cmp	r0, #76	; 0x4c
878011ae:	d01c      	beq.n	878011ea <vsnprintf+0x426>
878011b0:	286c      	cmp	r0, #108	; 0x6c
878011b2:	f000 80d8 	beq.w	87801366 <vsnprintf+0x5a2>
878011b6:	f020 0320 	bic.w	r3, r0, #32
878011ba:	2b5a      	cmp	r3, #90	; 0x5a
878011bc:	f040 80c5 	bne.w	8780134a <vsnprintf+0x586>
878011c0:	f8da 2000 	ldr.w	r2, [sl]
878011c4:	f10a 0a04 	add.w	sl, sl, #4
878011c8:	2300      	movs	r3, #0
878011ca:	9102      	str	r1, [sp, #8]
878011cc:	4628      	mov	r0, r5
878011ce:	9703      	str	r7, [sp, #12]
878011d0:	4641      	mov	r1, r8
878011d2:	9601      	str	r6, [sp, #4]
878011d4:	f8cd e000 	str.w	lr, [sp]
878011d8:	f7ff fa8e 	bl	878006f8 <number>
878011dc:	4605      	mov	r5, r0
878011de:	7860      	ldrb	r0, [r4, #1]
878011e0:	e615      	b.n	87800e0e <vsnprintf+0x4a>
878011e2:	284c      	cmp	r0, #76	; 0x4c
878011e4:	f04f 0e0a 	mov.w	lr, #10
878011e8:	d1e2      	bne.n	878011b0 <vsnprintf+0x3ec>
878011ea:	e9da 2300 	ldrd	r2, r3, [sl]
878011ee:	f10a 0a08 	add.w	sl, sl, #8
878011f2:	e7ea      	b.n	878011ca <vsnprintf+0x406>
878011f4:	4614      	mov	r4, r2
878011f6:	1c72      	adds	r2, r6, #1
878011f8:	f04f 0310 	mov.w	r3, #16
878011fc:	bf04      	itt	eq
878011fe:	f047 0701 	orreq.w	r7, r7, #1
87801202:	2608      	moveq	r6, #8
87801204:	f8da 2000 	ldr.w	r2, [sl]
87801208:	4628      	mov	r0, r5
8780120a:	9102      	str	r1, [sp, #8]
8780120c:	4641      	mov	r1, r8
8780120e:	e88d 0048 	stmia.w	sp, {r3, r6}
87801212:	2300      	movs	r3, #0
87801214:	9703      	str	r7, [sp, #12]
87801216:	f10a 0a04 	add.w	sl, sl, #4
8780121a:	f7ff fa6d 	bl	878006f8 <number>
8780121e:	4605      	mov	r5, r0
87801220:	7860      	ldrb	r0, [r4, #1]
87801222:	e5f4      	b.n	87800e0e <vsnprintf+0x4a>
87801224:	4614      	mov	r4, r2
87801226:	f04f 0e08 	mov.w	lr, #8
8780122a:	e7bf      	b.n	878011ac <vsnprintf+0x3e8>
8780122c:	4614      	mov	r4, r2
8780122e:	f047 0702 	orr.w	r7, r7, #2
87801232:	f04f 0e0a 	mov.w	lr, #10
87801236:	e7b9      	b.n	878011ac <vsnprintf+0x3e8>
87801238:	4614      	mov	r4, r2
8780123a:	06f9      	lsls	r1, r7, #27
8780123c:	d40d      	bmi.n	8780125a <vsnprintf+0x496>
8780123e:	3e01      	subs	r6, #1
87801240:	2e00      	cmp	r6, #0
87801242:	dd0a      	ble.n	8780125a <vsnprintf+0x496>
87801244:	19ab      	adds	r3, r5, r6
87801246:	2220      	movs	r2, #32
87801248:	45a8      	cmp	r8, r5
8780124a:	f105 0501 	add.w	r5, r5, #1
8780124e:	bf28      	it	cs
87801250:	f805 2c01 	strbcs.w	r2, [r5, #-1]
87801254:	429d      	cmp	r5, r3
87801256:	d1f7      	bne.n	87801248 <vsnprintf+0x484>
87801258:	2600      	movs	r6, #0
8780125a:	f8da 3000 	ldr.w	r3, [sl]
8780125e:	4545      	cmp	r5, r8
87801260:	f105 0101 	add.w	r1, r5, #1
87801264:	f10a 0004 	add.w	r0, sl, #4
87801268:	bf98      	it	ls
8780126a:	702b      	strbls	r3, [r5, #0]
8780126c:	2e01      	cmp	r6, #1
8780126e:	bfc2      	ittt	gt
87801270:	19ad      	addgt	r5, r5, r6
87801272:	460b      	movgt	r3, r1
87801274:	2220      	movgt	r2, #32
87801276:	f340 80b1 	ble.w	878013dc <vsnprintf+0x618>
8780127a:	4598      	cmp	r8, r3
8780127c:	f103 0301 	add.w	r3, r3, #1
87801280:	bf28      	it	cs
87801282:	f803 2c01 	strbcs.w	r2, [r3, #-1]
87801286:	42ab      	cmp	r3, r5
87801288:	d1f7      	bne.n	8780127a <vsnprintf+0x4b6>
8780128a:	1e75      	subs	r5, r6, #1
8780128c:	4682      	mov	sl, r0
8780128e:	440d      	add	r5, r1
87801290:	7860      	ldrb	r0, [r4, #1]
87801292:	e5bc      	b.n	87800e0e <vsnprintf+0x4a>
87801294:	4614      	mov	r4, r2
87801296:	45a8      	cmp	r8, r5
87801298:	bf24      	itt	cs
8780129a:	2325      	movcs	r3, #37	; 0x25
8780129c:	702b      	strbcs	r3, [r5, #0]
8780129e:	e5b4      	b.n	87800e0a <vsnprintf+0x46>
878012a0:	4614      	mov	r4, r2
878012a2:	f8da 3000 	ldr.w	r3, [sl]
878012a6:	f10a 0a04 	add.w	sl, sl, #4
878012aa:	9a06      	ldr	r2, [sp, #24]
878012ac:	f5b3 6f80 	cmp.w	r3, #1024	; 0x400
878012b0:	bf38      	it	cc
878012b2:	4613      	movcc	r3, r2
878012b4:	4618      	mov	r0, r3
878012b6:	9307      	str	r3, [sp, #28]
878012b8:	f7ff f8b8 	bl	8780042c <strnlen>
878012bc:	f017 0f10 	tst.w	r7, #16
878012c0:	9b07      	ldr	r3, [sp, #28]
878012c2:	d111      	bne.n	878012e8 <vsnprintf+0x524>
878012c4:	4286      	cmp	r6, r0
878012c6:	f106 37ff 	add.w	r7, r6, #4294967295	; 0xffffffff
878012ca:	f340 808b 	ble.w	878013e4 <vsnprintf+0x620>
878012ce:	1a32      	subs	r2, r6, r0
878012d0:	2120      	movs	r1, #32
878012d2:	442a      	add	r2, r5
878012d4:	45a8      	cmp	r8, r5
878012d6:	f105 0501 	add.w	r5, r5, #1
878012da:	bf28      	it	cs
878012dc:	f805 1c01 	strbcs.w	r1, [r5, #-1]
878012e0:	4295      	cmp	r5, r2
878012e2:	d1f7      	bne.n	878012d4 <vsnprintf+0x510>
878012e4:	1bbe      	subs	r6, r7, r6
878012e6:	4406      	add	r6, r0
878012e8:	2800      	cmp	r0, #0
878012ea:	dd75      	ble.n	878013d8 <vsnprintf+0x614>
878012ec:	182a      	adds	r2, r5, r0
878012ee:	45a8      	cmp	r8, r5
878012f0:	f105 0501 	add.w	r5, r5, #1
878012f4:	bf28      	it	cs
878012f6:	7819      	ldrbcs	r1, [r3, #0]
878012f8:	f103 0301 	add.w	r3, r3, #1
878012fc:	bf28      	it	cs
878012fe:	f805 1c01 	strbcs.w	r1, [r5, #-1]
87801302:	4295      	cmp	r5, r2
87801304:	d1f3      	bne.n	878012ee <vsnprintf+0x52a>
87801306:	4286      	cmp	r6, r0
87801308:	bfdc      	itt	le
8780130a:	4615      	movle	r5, r2
8780130c:	7860      	ldrble	r0, [r4, #1]
8780130e:	f77f ad7e 	ble.w	87800e0e <vsnprintf+0x4a>
87801312:	1a30      	subs	r0, r6, r0
87801314:	2320      	movs	r3, #32
87801316:	1815      	adds	r5, r2, r0
87801318:	4590      	cmp	r8, r2
8780131a:	f102 0201 	add.w	r2, r2, #1
8780131e:	bf28      	it	cs
87801320:	f802 3c01 	strbcs.w	r3, [r2, #-1]
87801324:	42aa      	cmp	r2, r5
87801326:	d1f7      	bne.n	87801318 <vsnprintf+0x554>
87801328:	e759      	b.n	878011de <vsnprintf+0x41a>
8780132a:	4614      	mov	r4, r2
8780132c:	45a8      	cmp	r8, r5
8780132e:	bf24      	itt	cs
87801330:	2325      	movcs	r3, #37	; 0x25
87801332:	702b      	strbcs	r3, [r5, #0]
87801334:	1c6b      	adds	r3, r5, #1
87801336:	7822      	ldrb	r2, [r4, #0]
87801338:	b36a      	cbz	r2, 87801396 <vsnprintf+0x5d2>
8780133a:	4543      	cmp	r3, r8
8780133c:	f105 0502 	add.w	r5, r5, #2
87801340:	bf98      	it	ls
87801342:	f805 2c01 	strbls.w	r2, [r5, #-1]
87801346:	7860      	ldrb	r0, [r4, #1]
87801348:	e561      	b.n	87800e0e <vsnprintf+0x4a>
8780134a:	2868      	cmp	r0, #104	; 0x68
8780134c:	f10a 0304 	add.w	r3, sl, #4
87801350:	f8da 2000 	ldr.w	r2, [sl]
87801354:	469a      	mov	sl, r3
87801356:	d036      	beq.n	878013c6 <vsnprintf+0x602>
87801358:	07bb      	lsls	r3, r7, #30
8780135a:	f57f af35 	bpl.w	878011c8 <vsnprintf+0x404>
8780135e:	17d3      	asrs	r3, r2, #31
87801360:	e733      	b.n	878011ca <vsnprintf+0x406>
87801362:	f04f 0e0a 	mov.w	lr, #10
87801366:	f10a 0304 	add.w	r3, sl, #4
8780136a:	f8da 2000 	ldr.w	r2, [sl]
8780136e:	469a      	mov	sl, r3
87801370:	07bb      	lsls	r3, r7, #30
87801372:	f57f af29 	bpl.w	878011c8 <vsnprintf+0x404>
87801376:	17d3      	asrs	r3, r2, #31
87801378:	e727      	b.n	878011ca <vsnprintf+0x406>
8780137a:	4614      	mov	r4, r2
8780137c:	9a05      	ldr	r2, [sp, #20]
8780137e:	f10a 0a04 	add.w	sl, sl, #4
87801382:	f85a 3c04 	ldr.w	r3, [sl, #-4]
87801386:	1aaa      	subs	r2, r5, r2
87801388:	601a      	str	r2, [r3, #0]
8780138a:	7860      	ldrb	r0, [r4, #1]
8780138c:	e53f      	b.n	87800e0e <vsnprintf+0x4a>
8780138e:	7893      	ldrb	r3, [r2, #2]
87801390:	204c      	movs	r0, #76	; 0x4c
87801392:	3202      	adds	r2, #2
87801394:	e591      	b.n	87800eba <vsnprintf+0xf6>
87801396:	461d      	mov	r5, r3
87801398:	e67e      	b.n	87801098 <vsnprintf+0x2d4>
8780139a:	4614      	mov	r4, r2
8780139c:	e704      	b.n	878011a8 <vsnprintf+0x3e4>
8780139e:	284c      	cmp	r0, #76	; 0x4c
878013a0:	4614      	mov	r4, r2
878013a2:	f04f 0e0a 	mov.w	lr, #10
878013a6:	f47f af06 	bne.w	878011b6 <vsnprintf+0x3f2>
878013aa:	e71e      	b.n	878011ea <vsnprintf+0x426>
878013ac:	9905      	ldr	r1, [sp, #20]
878013ae:	f10a 0a04 	add.w	sl, sl, #4
878013b2:	f85a 3c04 	ldr.w	r3, [sl, #-4]
878013b6:	1a69      	subs	r1, r5, r1
878013b8:	6019      	str	r1, [r3, #0]
878013ba:	7890      	ldrb	r0, [r2, #2]
878013bc:	e527      	b.n	87800e0e <vsnprintf+0x4a>
878013be:	2000      	movs	r0, #0
878013c0:	b009      	add	sp, #36	; 0x24
878013c2:	e8bd 8ff0 	ldmia.w	sp!, {r4, r5, r6, r7, r8, r9, sl, fp, pc}
878013c6:	07b8      	lsls	r0, r7, #30
878013c8:	bf4d      	iteet	mi
878013ca:	b212      	sxthmi	r2, r2
878013cc:	b292      	uxthpl	r2, r2
878013ce:	2300      	movpl	r3, #0
878013d0:	17d3      	asrmi	r3, r2, #31
878013d2:	e6fa      	b.n	878011ca <vsnprintf+0x406>
878013d4:	462b      	mov	r3, r5
878013d6:	e661      	b.n	8780109c <vsnprintf+0x2d8>
878013d8:	462a      	mov	r2, r5
878013da:	e794      	b.n	87801306 <vsnprintf+0x542>
878013dc:	4682      	mov	sl, r0
878013de:	460d      	mov	r5, r1
878013e0:	7860      	ldrb	r0, [r4, #1]
878013e2:	e514      	b.n	87800e0e <vsnprintf+0x4a>
878013e4:	463e      	mov	r6, r7
878013e6:	e77f      	b.n	878012e8 <vsnprintf+0x524>

878013e8 <vscnprintf>:
878013e8:	b510      	push	{r4, lr}
878013ea:	460c      	mov	r4, r1
878013ec:	f7ff fcea 	bl	87800dc4 <vsnprintf>
878013f0:	4284      	cmp	r4, r0
878013f2:	bf98      	it	ls
878013f4:	f104 30ff 	addls.w	r0, r4, #4294967295	; 0xffffffff
878013f8:	bd10      	pop	{r4, pc}
878013fa:	bf00      	nop

878013fc <snprintf>:
878013fc:	b40c      	push	{r2, r3}
878013fe:	b508      	push	{r3, lr}
87801400:	ab03      	add	r3, sp, #12
87801402:	9a02      	ldr	r2, [sp, #8]
87801404:	f7ff fcde 	bl	87800dc4 <vsnprintf>
87801408:	e8bd 4008 	ldmia.w	sp!, {r3, lr}
8780140c:	b002      	add	sp, #8
8780140e:	4770      	bx	lr

87801410 <scnprintf>:
87801410:	b40c      	push	{r2, r3}
87801412:	b510      	push	{r4, lr}
87801414:	460c      	mov	r4, r1
87801416:	ab03      	add	r3, sp, #12
87801418:	9a02      	ldr	r2, [sp, #8]
8780141a:	f7ff fcd3 	bl	87800dc4 <vsnprintf>
8780141e:	4284      	cmp	r4, r0
87801420:	bf98      	it	ls
87801422:	f104 30ff 	addls.w	r0, r4, #4294967295	; 0xffffffff
87801426:	e8bd 4010 	ldmia.w	sp!, {r4, lr}
8780142a:	b002      	add	sp, #8
8780142c:	4770      	bx	lr
8780142e:	bf00      	nop

87801430 <vsprintf>:
87801430:	4613      	mov	r3, r2
87801432:	460a      	mov	r2, r1
87801434:	f06f 4100 	mvn.w	r1, #2147483648	; 0x80000000
87801438:	f7ff bcc4 	b.w	87800dc4 <vsnprintf>

8780143c <sprintf>:
8780143c:	b40e      	push	{r1, r2, r3}
8780143e:	f06f 4100 	mvn.w	r1, #2147483648	; 0x80000000
87801442:	b500      	push	{lr}
87801444:	ab02      	add	r3, sp, #8
87801446:	9a01      	ldr	r2, [sp, #4]
87801448:	f7ff fcbc 	bl	87800dc4 <vsnprintf>
8780144c:	f85d eb04 	ldr.w	lr, [sp], #4
87801450:	b003      	add	sp, #12
87801452:	4770      	bx	lr

87801454 <vsscanf>:
87801454:	e92d 4ff0 	stmdb	sp!, {r4, r5, r6, r7, r8, r9, sl, fp, lr}
87801458:	f642 44cc 	movw	r4, #11468	; 0x2ccc
8780145c:	780b      	ldrb	r3, [r1, #0]
8780145e:	f2c8 7480 	movt	r4, #34688	; 0x8780
87801462:	b083      	sub	sp, #12
87801464:	4607      	mov	r7, r0
87801466:	460d      	mov	r5, r1
87801468:	4696      	mov	lr, r2
8780146a:	46a0      	mov	r8, r4
8780146c:	2600      	movs	r6, #0
8780146e:	b143      	cbz	r3, 87801482 <vsscanf+0x2e>
87801470:	7801      	ldrb	r1, [r0, #0]
87801472:	b131      	cbz	r1, 87801482 <vsscanf+0x2e>
87801474:	5ce2      	ldrb	r2, [r4, r3]
87801476:	0692      	lsls	r2, r2, #26
87801478:	d407      	bmi.n	8780148a <vsscanf+0x36>
8780147a:	2b25      	cmp	r3, #37	; 0x25
8780147c:	d020      	beq.n	878014c0 <vsscanf+0x6c>
8780147e:	428b      	cmp	r3, r1
87801480:	d018      	beq.n	878014b4 <vsscanf+0x60>
87801482:	4630      	mov	r0, r6
87801484:	b003      	add	sp, #12
87801486:	e8bd 8ff0 	ldmia.w	sp!, {r4, r5, r6, r7, r8, r9, sl, fp, pc}
8780148a:	f815 3f01 	ldrb.w	r3, [r5, #1]!
8780148e:	5ce2      	ldrb	r2, [r4, r3]
87801490:	0692      	lsls	r2, r2, #26
87801492:	d4fa      	bmi.n	8780148a <vsscanf+0x36>
87801494:	f818 2001 	ldrb.w	r2, [r8, r1]
87801498:	0691      	lsls	r1, r2, #26
8780149a:	d504      	bpl.n	878014a6 <vsscanf+0x52>
8780149c:	f810 2f01 	ldrb.w	r2, [r0, #1]!
878014a0:	5ca2      	ldrb	r2, [r4, r2]
878014a2:	0692      	lsls	r2, r2, #26
878014a4:	d4fa      	bmi.n	8780149c <vsscanf+0x48>
878014a6:	2b00      	cmp	r3, #0
878014a8:	bf18      	it	ne
878014aa:	2b25      	cmpne	r3, #37	; 0x25
878014ac:	d006      	beq.n	878014bc <vsscanf+0x68>
878014ae:	7801      	ldrb	r1, [r0, #0]
878014b0:	428b      	cmp	r3, r1
878014b2:	d1e6      	bne.n	87801482 <vsscanf+0x2e>
878014b4:	786b      	ldrb	r3, [r5, #1]
878014b6:	3001      	adds	r0, #1
878014b8:	3501      	adds	r5, #1
878014ba:	e7d8      	b.n	8780146e <vsscanf+0x1a>
878014bc:	2b00      	cmp	r3, #0
878014be:	d0e0      	beq.n	87801482 <vsscanf+0x2e>
878014c0:	786b      	ldrb	r3, [r5, #1]
878014c2:	3501      	adds	r5, #1
878014c4:	2b2a      	cmp	r3, #42	; 0x2a
878014c6:	f000 80f1 	beq.w	878016ac <vsscanf+0x258>
878014ca:	5ce2      	ldrb	r2, [r4, r3]
878014cc:	4619      	mov	r1, r3
878014ce:	0752      	lsls	r2, r2, #29
878014d0:	bf5c      	itt	pl
878014d2:	4619      	movpl	r1, r3
878014d4:	f04f 33ff 	movpl.w	r3, #4294967295	; 0xffffffff
878014d8:	d50a      	bpl.n	878014f0 <vsscanf+0x9c>
878014da:	2300      	movs	r3, #0
878014dc:	00da      	lsls	r2, r3, #3
878014de:	eb02 0343 	add.w	r3, r2, r3, lsl #1
878014e2:	440b      	add	r3, r1
878014e4:	f815 1f01 	ldrb.w	r1, [r5, #1]!
878014e8:	3b30      	subs	r3, #48	; 0x30
878014ea:	5c62      	ldrb	r2, [r4, r1]
878014ec:	0752      	lsls	r2, r2, #29
878014ee:	d4f5      	bmi.n	878014dc <vsscanf+0x88>
878014f0:	f001 02df 	and.w	r2, r1, #223	; 0xdf
878014f4:	46a9      	mov	r9, r5
878014f6:	2a5a      	cmp	r2, #90	; 0x5a
878014f8:	bf18      	it	ne
878014fa:	2a4c      	cmpne	r2, #76	; 0x4c
878014fc:	f04f 3cff 	mov.w	ip, #4294967295	; 0xffffffff
87801500:	bf0c      	ite	eq
87801502:	2201      	moveq	r2, #1
87801504:	2200      	movne	r2, #0
87801506:	2968      	cmp	r1, #104	; 0x68
87801508:	bf08      	it	eq
8780150a:	f042 0201 	orreq.w	r2, r2, #1
8780150e:	2a00      	cmp	r2, #0
87801510:	f040 80b8 	bne.w	87801684 <vsscanf+0x230>
87801514:	2900      	cmp	r1, #0
87801516:	d0b4      	beq.n	87801482 <vsscanf+0x2e>
87801518:	f890 a000 	ldrb.w	sl, [r0]
8780151c:	f1ba 0f00 	cmp.w	sl, #0
87801520:	d0af      	beq.n	87801482 <vsscanf+0x2e>
87801522:	3925      	subs	r1, #37	; 0x25
87801524:	f109 0501 	add.w	r5, r9, #1
87801528:	2953      	cmp	r1, #83	; 0x53
8780152a:	d8aa      	bhi.n	87801482 <vsscanf+0x2e>
8780152c:	a201      	add	r2, pc, #4	; (adr r2, 87801534 <vsscanf+0xe0>)
8780152e:	f852 f021 	ldr.w	pc, [r2, r1, lsl #2]
87801532:	bf00      	nop
87801534:	878017b1 			; <UNDEFINED> instruction: 0x878017b1
87801538:	87801483 	strhi	r1, [r0, r3, lsl #9]
8780153c:	87801483 	strhi	r1, [r0, r3, lsl #9]
87801540:	87801483 	strhi	r1, [r0, r3, lsl #9]
87801544:	87801483 	strhi	r1, [r0, r3, lsl #9]
87801548:	87801483 	strhi	r1, [r0, r3, lsl #9]
8780154c:	87801483 	strhi	r1, [r0, r3, lsl #9]
87801550:	87801483 	strhi	r1, [r0, r3, lsl #9]
87801554:	87801483 	strhi	r1, [r0, r3, lsl #9]
87801558:	87801483 	strhi	r1, [r0, r3, lsl #9]
8780155c:	87801483 	strhi	r1, [r0, r3, lsl #9]
87801560:	87801483 	strhi	r1, [r0, r3, lsl #9]
87801564:	87801483 	strhi	r1, [r0, r3, lsl #9]
87801568:	87801483 	strhi	r1, [r0, r3, lsl #9]
8780156c:	87801483 	strhi	r1, [r0, r3, lsl #9]
87801570:	87801483 	strhi	r1, [r0, r3, lsl #9]
87801574:	87801483 	strhi	r1, [r0, r3, lsl #9]
87801578:	87801483 	strhi	r1, [r0, r3, lsl #9]
8780157c:	87801483 	strhi	r1, [r0, r3, lsl #9]
87801580:	87801483 	strhi	r1, [r0, r3, lsl #9]
87801584:	87801483 	strhi	r1, [r0, r3, lsl #9]
87801588:	87801483 	strhi	r1, [r0, r3, lsl #9]
8780158c:	87801483 	strhi	r1, [r0, r3, lsl #9]
87801590:	87801483 	strhi	r1, [r0, r3, lsl #9]
87801594:	87801483 	strhi	r1, [r0, r3, lsl #9]
87801598:	87801483 	strhi	r1, [r0, r3, lsl #9]
8780159c:	87801483 	strhi	r1, [r0, r3, lsl #9]
878015a0:	87801483 	strhi	r1, [r0, r3, lsl #9]
878015a4:	87801483 	strhi	r1, [r0, r3, lsl #9]
878015a8:	87801483 	strhi	r1, [r0, r3, lsl #9]
878015ac:	87801483 	strhi	r1, [r0, r3, lsl #9]
878015b0:	87801483 	strhi	r1, [r0, r3, lsl #9]
878015b4:	87801483 	strhi	r1, [r0, r3, lsl #9]
878015b8:	87801483 	strhi	r1, [r0, r3, lsl #9]
878015bc:	87801483 	strhi	r1, [r0, r3, lsl #9]
878015c0:	87801483 	strhi	r1, [r0, r3, lsl #9]
878015c4:	87801483 	strhi	r1, [r0, r3, lsl #9]
878015c8:	87801483 	strhi	r1, [r0, r3, lsl #9]
878015cc:	87801483 	strhi	r1, [r0, r3, lsl #9]
878015d0:	87801483 	strhi	r1, [r0, r3, lsl #9]
878015d4:	87801483 	strhi	r1, [r0, r3, lsl #9]
878015d8:	87801483 	strhi	r1, [r0, r3, lsl #9]
878015dc:	87801483 	strhi	r1, [r0, r3, lsl #9]
878015e0:	87801483 	strhi	r1, [r0, r3, lsl #9]
878015e4:	87801483 	strhi	r1, [r0, r3, lsl #9]
878015e8:	87801483 	strhi	r1, [r0, r3, lsl #9]
878015ec:	87801483 	strhi	r1, [r0, r3, lsl #9]
878015f0:	87801483 	strhi	r1, [r0, r3, lsl #9]
878015f4:	87801483 	strhi	r1, [r0, r3, lsl #9]
878015f8:	87801483 	strhi	r1, [r0, r3, lsl #9]
878015fc:	87801483 	strhi	r1, [r0, r3, lsl #9]
87801600:	878017c1 	strhi	r1, [r0, r1, asr #15]
87801604:	87801483 	strhi	r1, [r0, r3, lsl #9]
87801608:	87801483 	strhi	r1, [r0, r3, lsl #9]
8780160c:	87801483 	strhi	r1, [r0, r3, lsl #9]
87801610:	87801483 	strhi	r1, [r0, r3, lsl #9]
87801614:	87801483 	strhi	r1, [r0, r3, lsl #9]
87801618:	87801483 	strhi	r1, [r0, r3, lsl #9]
8780161c:	87801483 	strhi	r1, [r0, r3, lsl #9]
87801620:	87801483 	strhi	r1, [r0, r3, lsl #9]
87801624:	87801483 	strhi	r1, [r0, r3, lsl #9]
87801628:	87801483 	strhi	r1, [r0, r3, lsl #9]
8780162c:	87801891 			; <UNDEFINED> instruction: 0x87801891
87801630:	878018c3 	strhi	r1, [r0, r3, asr #17]
87801634:	87801483 	strhi	r1, [r0, r3, lsl #9]
87801638:	87801483 	strhi	r1, [r0, r3, lsl #9]
8780163c:	87801483 	strhi	r1, [r0, r3, lsl #9]
87801640:	87801483 	strhi	r1, [r0, r3, lsl #9]
87801644:	878016e7 	strhi	r1, [r0, r7, ror #13]
87801648:	87801483 	strhi	r1, [r0, r3, lsl #9]
8780164c:	87801483 	strhi	r1, [r0, r3, lsl #9]
87801650:	87801483 	strhi	r1, [r0, r3, lsl #9]
87801654:	87801483 	strhi	r1, [r0, r3, lsl #9]
87801658:	8780187f 			; <UNDEFINED> instruction: 0x8780187f
8780165c:	878017f5 			; <UNDEFINED> instruction: 0x878017f5
87801660:	87801483 	strhi	r1, [r0, r3, lsl #9]
87801664:	87801483 	strhi	r1, [r0, r3, lsl #9]
87801668:	87801483 	strhi	r1, [r0, r3, lsl #9]
8780166c:	87801823 	strhi	r1, [r0, r3, lsr #16]
87801670:	87801483 	strhi	r1, [r0, r3, lsl #9]
87801674:	878017db 			; <UNDEFINED> instruction: 0x878017db
87801678:	87801483 	strhi	r1, [r0, r3, lsl #9]
8780167c:	87801483 	strhi	r1, [r0, r3, lsl #9]
87801680:	878017c1 	strhi	r1, [r0, r1, asr #15]
87801684:	786a      	ldrb	r2, [r5, #1]
87801686:	468c      	mov	ip, r1
87801688:	f105 0901 	add.w	r9, r5, #1
8780168c:	4291      	cmp	r1, r2
8780168e:	bf18      	it	ne
87801690:	4611      	movne	r1, r2
87801692:	f47f af3f 	bne.w	87801514 <vsscanf+0xc0>
87801696:	2968      	cmp	r1, #104	; 0x68
87801698:	f000 8199 	beq.w	878019ce <vsscanf+0x57a>
8780169c:	296c      	cmp	r1, #108	; 0x6c
8780169e:	bf02      	ittt	eq
878016a0:	f105 0902 	addeq.w	r9, r5, #2
878016a4:	78a9      	ldrbeq	r1, [r5, #2]
878016a6:	f04f 0c4c 	moveq.w	ip, #76	; 0x4c
878016aa:	e733      	b.n	87801514 <vsscanf+0xc0>
878016ac:	f894 202a 	ldrb.w	r2, [r4, #42]	; 0x2a
878016b0:	0691      	lsls	r1, r2, #26
878016b2:	d40a      	bmi.n	878016ca <vsscanf+0x276>
878016b4:	f815 3f01 	ldrb.w	r3, [r5, #1]!
878016b8:	5ce2      	ldrb	r2, [r4, r3]
878016ba:	1c19      	adds	r1, r3, #0
878016bc:	bf18      	it	ne
878016be:	2101      	movne	r1, #1
878016c0:	f082 0220 	eor.w	r2, r2, #32
878016c4:	ea11 1252 	ands.w	r2, r1, r2, lsr #5
878016c8:	d1f4      	bne.n	878016b4 <vsscanf+0x260>
878016ca:	7802      	ldrb	r2, [r0, #0]
878016cc:	e001      	b.n	878016d2 <vsscanf+0x27e>
878016ce:	f810 2f01 	ldrb.w	r2, [r0, #1]!
878016d2:	5ca1      	ldrb	r1, [r4, r2]
878016d4:	3200      	adds	r2, #0
878016d6:	bf18      	it	ne
878016d8:	2201      	movne	r2, #1
878016da:	f081 0120 	eor.w	r1, r1, #32
878016de:	ea12 1251 	ands.w	r2, r2, r1, lsr #5
878016e2:	d1f4      	bne.n	878016ce <vsscanf+0x27a>
878016e4:	e6c3      	b.n	8780146e <vsscanf+0x1a>
878016e6:	2200      	movs	r2, #0
878016e8:	f814 300a 	ldrb.w	r3, [r4, sl]
878016ec:	0699      	lsls	r1, r3, #26
878016ee:	bf44      	itt	mi
878016f0:	2101      	movmi	r1, #1
878016f2:	468b      	movmi	fp, r1
878016f4:	f140 8171 	bpl.w	878019da <vsscanf+0x586>
878016f8:	f810 3f01 	ldrb.w	r3, [r0, #1]!
878016fc:	f814 a003 	ldrb.w	sl, [r4, r3]
87801700:	f01a 0f20 	tst.w	sl, #32
87801704:	d1f8      	bne.n	878016f8 <vsscanf+0x2a4>
87801706:	2b2d      	cmp	r3, #45	; 0x2d
87801708:	bf14      	ite	ne
8780170a:	2100      	movne	r1, #0
8780170c:	f001 0101 	andeq.w	r1, r1, #1
87801710:	469a      	mov	sl, r3
87801712:	b109      	cbz	r1, 87801718 <vsscanf+0x2c4>
87801714:	f890 a001 	ldrb.w	sl, [r0, #1]
87801718:	f1ba 0f00 	cmp.w	sl, #0
8780171c:	f43f aeb1 	beq.w	87801482 <vsscanf+0x2e>
87801720:	2a10      	cmp	r2, #16
87801722:	f000 8120 	beq.w	87801966 <vsscanf+0x512>
87801726:	2a0a      	cmp	r2, #10
87801728:	d002      	beq.n	87801730 <vsscanf+0x2dc>
8780172a:	2a08      	cmp	r2, #8
8780172c:	d06b      	beq.n	87801806 <vsscanf+0x3b2>
8780172e:	b922      	cbnz	r2, 8780173a <vsscanf+0x2e6>
87801730:	f814 300a 	ldrb.w	r3, [r4, sl]
87801734:	0759      	lsls	r1, r3, #29
87801736:	f57f aea4 	bpl.w	87801482 <vsscanf+0x2e>
8780173a:	f1ac 0c48 	sub.w	ip, ip, #72	; 0x48
8780173e:	f1bc 0f32 	cmp.w	ip, #50	; 0x32
87801742:	f200 810a 	bhi.w	8780195a <vsscanf+0x506>
87801746:	e8df f01c 	tbh	[pc, ip, lsl #1]
8780174a:	010800ec 	smlatteq	r8, ip, r0, r0
8780174e:	01080108 	tsteq	r8, r8, lsl #2
87801752:	010800fa 	strdeq	r0, [r8, -sl]
87801756:	01080108 	tsteq	r8, r8, lsl #2
8780175a:	01080108 	tsteq	r8, r8, lsl #2
8780175e:	01080108 	tsteq	r8, r8, lsl #2
87801762:	01080108 	tsteq	r8, r8, lsl #2
87801766:	01080108 	tsteq	r8, r8, lsl #2
8780176a:	01080108 	tsteq	r8, r8, lsl #2
8780176e:	010800da 	ldrdeq	r0, [r8, -sl]
87801772:	01080108 	tsteq	r8, r8, lsl #2
87801776:	01080108 	tsteq	r8, r8, lsl #2
8780177a:	01080108 	tsteq	r8, r8, lsl #2
8780177e:	01080108 	tsteq	r8, r8, lsl #2
87801782:	01080108 	tsteq	r8, r8, lsl #2
87801786:	01080108 	tsteq	r8, r8, lsl #2
8780178a:	010800cc 	smlabteq	r8, ip, r0, r0
8780178e:	01080108 	tsteq	r8, r8, lsl #2
87801792:	010800be 	strheq	r0, [r8, -lr]
87801796:	01080108 	tsteq	r8, r8, lsl #2
8780179a:	01080108 	tsteq	r8, r8, lsl #2
8780179e:	01080108 	tsteq	r8, r8, lsl #2
878017a2:	01080108 	tsteq	r8, r8, lsl #2
878017a6:	01080108 	tsteq	r8, r8, lsl #2
878017aa:	01080108 	tsteq	r8, r8, lsl #2
878017ae:	f1ba00da 			; <UNDEFINED> instruction: 0xf1ba00da
878017b2:	0f25      	lsrs	r5, r4, #28
878017b4:	f47f ae65 	bne.w	87801482 <vsscanf+0x2e>
878017b8:	3001      	adds	r0, #1
878017ba:	f899 3001 	ldrb.w	r3, [r9, #1]
878017be:	e656      	b.n	8780146e <vsscanf+0x1a>
878017c0:	f814 300a 	ldrb.w	r3, [r4, sl]
878017c4:	2210      	movs	r2, #16
878017c6:	f003 0320 	and.w	r3, r3, #32
878017ca:	f003 0bff 	and.w	fp, r3, #255	; 0xff
878017ce:	2b00      	cmp	r3, #0
878017d0:	f000 80c9 	beq.w	87801966 <vsscanf+0x512>
878017d4:	2100      	movs	r1, #0
878017d6:	468b      	mov	fp, r1
878017d8:	e78e      	b.n	878016f8 <vsscanf+0x2a4>
878017da:	f814 300a 	ldrb.w	r3, [r4, sl]
878017de:	220a      	movs	r2, #10
878017e0:	f003 0320 	and.w	r3, r3, #32
878017e4:	f003 0bff 	and.w	fp, r3, #255	; 0xff
878017e8:	2b00      	cmp	r3, #0
878017ea:	d0a1      	beq.n	87801730 <vsscanf+0x2dc>
878017ec:	2100      	movs	r1, #0
878017ee:	220a      	movs	r2, #10
878017f0:	468b      	mov	fp, r1
878017f2:	e781      	b.n	878016f8 <vsscanf+0x2a4>
878017f4:	f814 300a 	ldrb.w	r3, [r4, sl]
878017f8:	2208      	movs	r2, #8
878017fa:	f003 0320 	and.w	r3, r3, #32
878017fe:	f003 0bff 	and.w	fp, r3, #255	; 0xff
87801802:	2b00      	cmp	r3, #0
87801804:	d1e6      	bne.n	878017d4 <vsscanf+0x380>
87801806:	f814 300a 	ldrb.w	r3, [r4, sl]
8780180a:	f083 0304 	eor.w	r3, r3, #4
8780180e:	f3c3 0380 	ubfx	r3, r3, #2, #1
87801812:	f1ba 0f37 	cmp.w	sl, #55	; 0x37
87801816:	bf88      	it	hi
87801818:	f043 0301 	orrhi.w	r3, r3, #1
8780181c:	2b00      	cmp	r3, #0
8780181e:	d08c      	beq.n	8780173a <vsscanf+0x2e6>
87801820:	e62f      	b.n	87801482 <vsscanf+0x2e>
87801822:	1c5a      	adds	r2, r3, #1
87801824:	f10e 0c04 	add.w	ip, lr, #4
87801828:	f8de 1000 	ldr.w	r1, [lr]
8780182c:	f000 80a2 	beq.w	87801974 <vsscanf+0x520>
87801830:	f814 200a 	ldrb.w	r2, [r4, sl]
87801834:	0692      	lsls	r2, r2, #26
87801836:	bf58      	it	pl
87801838:	4652      	movpl	r2, sl
8780183a:	d507      	bpl.n	8780184c <vsscanf+0x3f8>
8780183c:	f810 af01 	ldrb.w	sl, [r0, #1]!
87801840:	f814 200a 	ldrb.w	r2, [r4, sl]
87801844:	0692      	lsls	r2, r2, #26
87801846:	d4f9      	bmi.n	8780183c <vsscanf+0x3e8>
87801848:	4652      	mov	r2, sl
8780184a:	b18a      	cbz	r2, 87801870 <vsscanf+0x41c>
8780184c:	b183      	cbz	r3, 87801870 <vsscanf+0x41c>
8780184e:	f100 0e01 	add.w	lr, r0, #1
87801852:	e006      	b.n	87801862 <vsscanf+0x40e>
87801854:	f814 a002 	ldrb.w	sl, [r4, r2]
87801858:	f01a 0f20 	tst.w	sl, #32
8780185c:	d108      	bne.n	87801870 <vsscanf+0x41c>
8780185e:	3b01      	subs	r3, #1
87801860:	d006      	beq.n	87801870 <vsscanf+0x41c>
87801862:	f801 2b01 	strb.w	r2, [r1], #1
87801866:	4670      	mov	r0, lr
87801868:	f81e 2b01 	ldrb.w	r2, [lr], #1
8780186c:	2a00      	cmp	r2, #0
8780186e:	d1f1      	bne.n	87801854 <vsscanf+0x400>
87801870:	2300      	movs	r3, #0
87801872:	3601      	adds	r6, #1
87801874:	700b      	strb	r3, [r1, #0]
87801876:	46e6      	mov	lr, ip
87801878:	f899 3001 	ldrb.w	r3, [r9, #1]
8780187c:	e5f7      	b.n	8780146e <vsscanf+0x1a>
8780187e:	f8de 3000 	ldr.w	r3, [lr]
87801882:	1bc2      	subs	r2, r0, r7
87801884:	f10e 0e04 	add.w	lr, lr, #4
87801888:	601a      	str	r2, [r3, #0]
8780188a:	f899 3001 	ldrb.w	r3, [r9, #1]
8780188e:	e5ee      	b.n	8780146e <vsscanf+0x1a>
87801890:	f8de 1000 	ldr.w	r1, [lr]
87801894:	1c5a      	adds	r2, r3, #1
87801896:	bf08      	it	eq
87801898:	2301      	moveq	r3, #1
8780189a:	1c42      	adds	r2, r0, #1
8780189c:	f10e 0e04 	add.w	lr, lr, #4
878018a0:	f101 3cff 	add.w	ip, r1, #4294967295	; 0xffffffff
878018a4:	e003      	b.n	878018ae <vsscanf+0x45a>
878018a6:	f812 1b01 	ldrb.w	r1, [r2], #1
878018aa:	468a      	mov	sl, r1
878018ac:	b129      	cbz	r1, 878018ba <vsscanf+0x466>
878018ae:	3b01      	subs	r3, #1
878018b0:	f80c af01 	strb.w	sl, [ip, #1]!
878018b4:	2b00      	cmp	r3, #0
878018b6:	4610      	mov	r0, r2
878018b8:	dcf5      	bgt.n	878018a6 <vsscanf+0x452>
878018ba:	3601      	adds	r6, #1
878018bc:	f899 3001 	ldrb.w	r3, [r9, #1]
878018c0:	e5d5      	b.n	8780146e <vsscanf+0x1a>
878018c2:	220a      	movs	r2, #10
878018c4:	e710      	b.n	878016e8 <vsscanf+0x294>
878018c6:	f8de a000 	ldr.w	sl, [lr]
878018ca:	f1bb 0f00 	cmp.w	fp, #0
878018ce:	d018      	beq.n	87801902 <vsscanf+0x4ae>
878018d0:	f10e 0b04 	add.w	fp, lr, #4
878018d4:	a901      	add	r1, sp, #4
878018d6:	f7ff f9b3 	bl	87800c40 <simple_strtol>
878018da:	46de      	mov	lr, fp
878018dc:	f8ca 0000 	str.w	r0, [sl]
878018e0:	e017      	b.n	87801912 <vsscanf+0x4be>
878018e2:	f8de a000 	ldr.w	sl, [lr]
878018e6:	f1bb 0f00 	cmp.w	fp, #0
878018ea:	d05c      	beq.n	878019a6 <vsscanf+0x552>
878018ec:	f10e 0b04 	add.w	fp, lr, #4
878018f0:	a901      	add	r1, sp, #4
878018f2:	f7ff f9a5 	bl	87800c40 <simple_strtol>
878018f6:	46de      	mov	lr, fp
878018f8:	f8aa 0000 	strh.w	r0, [sl]
878018fc:	e009      	b.n	87801912 <vsscanf+0x4be>
878018fe:	f8de a000 	ldr.w	sl, [lr]
87801902:	f10e 0b04 	add.w	fp, lr, #4
87801906:	a901      	add	r1, sp, #4
87801908:	f7ff f914 	bl	87800b34 <simple_strtoul>
8780190c:	46de      	mov	lr, fp
8780190e:	f8ca 0000 	str.w	r0, [sl]
87801912:	9801      	ldr	r0, [sp, #4]
87801914:	3601      	adds	r6, #1
87801916:	2800      	cmp	r0, #0
87801918:	f43f adb3 	beq.w	87801482 <vsscanf+0x2e>
8780191c:	f899 3001 	ldrb.w	r3, [r9, #1]
87801920:	e5a5      	b.n	8780146e <vsscanf+0x1a>
87801922:	f8de a000 	ldr.w	sl, [lr]
87801926:	f1bb 0f00 	cmp.w	fp, #0
8780192a:	d033      	beq.n	87801994 <vsscanf+0x540>
8780192c:	f10e 0b04 	add.w	fp, lr, #4
87801930:	a901      	add	r1, sp, #4
87801932:	f7ff f985 	bl	87800c40 <simple_strtol>
87801936:	46de      	mov	lr, fp
87801938:	f88a 0000 	strb.w	r0, [sl]
8780193c:	e7e9      	b.n	87801912 <vsscanf+0x4be>
8780193e:	f8de a000 	ldr.w	sl, [lr]
87801942:	f1bb 0f00 	cmp.w	fp, #0
87801946:	d01c      	beq.n	87801982 <vsscanf+0x52e>
87801948:	f10e 0b04 	add.w	fp, lr, #4
8780194c:	a901      	add	r1, sp, #4
8780194e:	f7ff fa29 	bl	87800da4 <simple_strtoll>
87801952:	46de      	mov	lr, fp
87801954:	e9ca 0100 	strd	r0, r1, [sl]
87801958:	e7db      	b.n	87801912 <vsscanf+0x4be>
8780195a:	f1bb 0f00 	cmp.w	fp, #0
8780195e:	d02b      	beq.n	878019b8 <vsscanf+0x564>
87801960:	f8de a000 	ldr.w	sl, [lr]
87801964:	e7b4      	b.n	878018d0 <vsscanf+0x47c>
87801966:	f814 300a 	ldrb.w	r3, [r4, sl]
8780196a:	f013 0f44 	tst.w	r3, #68	; 0x44
8780196e:	f47f aee4 	bne.w	8780173a <vsscanf+0x2e6>
87801972:	e586      	b.n	87801482 <vsscanf+0x2e>
87801974:	f814 300a 	ldrb.w	r3, [r4, sl]
87801978:	069b      	lsls	r3, r3, #26
8780197a:	d535      	bpl.n	878019e8 <vsscanf+0x594>
8780197c:	f06f 4300 	mvn.w	r3, #2147483648	; 0x80000000
87801980:	e75c      	b.n	8780183c <vsscanf+0x3e8>
87801982:	f10e 0b04 	add.w	fp, lr, #4
87801986:	a901      	add	r1, sp, #4
87801988:	f7ff f968 	bl	87800c5c <simple_strtoull>
8780198c:	46de      	mov	lr, fp
8780198e:	e9ca 0100 	strd	r0, r1, [sl]
87801992:	e7be      	b.n	87801912 <vsscanf+0x4be>
87801994:	f10e 0b04 	add.w	fp, lr, #4
87801998:	a901      	add	r1, sp, #4
8780199a:	f7ff f8cb 	bl	87800b34 <simple_strtoul>
8780199e:	46de      	mov	lr, fp
878019a0:	f88a 0000 	strb.w	r0, [sl]
878019a4:	e7b5      	b.n	87801912 <vsscanf+0x4be>
878019a6:	f10e 0b04 	add.w	fp, lr, #4
878019aa:	a901      	add	r1, sp, #4
878019ac:	f7ff f8c2 	bl	87800b34 <simple_strtoul>
878019b0:	46de      	mov	lr, fp
878019b2:	f8aa 0000 	strh.w	r0, [sl]
878019b6:	e7ac      	b.n	87801912 <vsscanf+0x4be>
878019b8:	f8de a000 	ldr.w	sl, [lr]
878019bc:	f10e 0b04 	add.w	fp, lr, #4
878019c0:	a901      	add	r1, sp, #4
878019c2:	f7ff f8b7 	bl	87800b34 <simple_strtoul>
878019c6:	46de      	mov	lr, fp
878019c8:	f8ca 0000 	str.w	r0, [sl]
878019cc:	e7a1      	b.n	87801912 <vsscanf+0x4be>
878019ce:	f105 0902 	add.w	r9, r5, #2
878019d2:	78a9      	ldrb	r1, [r5, #2]
878019d4:	f04f 0c48 	mov.w	ip, #72	; 0x48
878019d8:	e59c      	b.n	87801514 <vsscanf+0xc0>
878019da:	f1ba 0f2d 	cmp.w	sl, #45	; 0x2d
878019de:	f04f 0b01 	mov.w	fp, #1
878019e2:	f43f ae97 	beq.w	87801714 <vsscanf+0x2c0>
878019e6:	e69e      	b.n	87801726 <vsscanf+0x2d2>
878019e8:	4652      	mov	r2, sl
878019ea:	f06f 4300 	mvn.w	r3, #2147483648	; 0x80000000
878019ee:	e72e      	b.n	8780184e <vsscanf+0x3fa>

878019f0 <sscanf>:
878019f0:	b40e      	push	{r1, r2, r3}
878019f2:	b500      	push	{lr}
878019f4:	aa02      	add	r2, sp, #8
878019f6:	9901      	ldr	r1, [sp, #4]
878019f8:	f7ff fd2c 	bl	87801454 <vsscanf>
878019fc:	f85d eb04 	ldr.w	lr, [sp], #4
87801a00:	b003      	add	sp, #12
87801a02:	4770      	bx	lr

87801a04 <printf>:
87801a04:	b40f      	push	{r0, r1, r2, r3}
87801a06:	f642 6084 	movw	r0, #11908	; 0x2e84
87801a0a:	b570      	push	{r4, r5, r6, lr}
87801a0c:	f2c8 7080 	movt	r0, #34688	; 0x8780
87801a10:	aa05      	add	r2, sp, #20
87801a12:	2400      	movs	r4, #0
87801a14:	9904      	ldr	r1, [sp, #16]
87801a16:	f7ff fd0b 	bl	87801430 <vsprintf>
87801a1a:	4d0b      	ldr	r5, [pc, #44]	; (87801a48 <printf+0x44>)
87801a1c:	4606      	mov	r6, r0
87801a1e:	e003      	b.n	87801a28 <printf+0x24>
87801a20:	f815 0f01 	ldrb.w	r0, [r5, #1]!
87801a24:	f000 fdea 	bl	878025fc <putc>
87801a28:	f642 6084 	movw	r0, #11908	; 0x2e84
87801a2c:	f2c8 7080 	movt	r0, #34688	; 0x8780
87801a30:	f7fe fcf0 	bl	87800414 <strlen>
87801a34:	4284      	cmp	r4, r0
87801a36:	f104 0401 	add.w	r4, r4, #1
87801a3a:	d3f1      	bcc.n	87801a20 <printf+0x1c>
87801a3c:	4630      	mov	r0, r6
87801a3e:	e8bd 4070 	ldmia.w	sp!, {r4, r5, r6, lr}
87801a42:	b004      	add	sp, #16
87801a44:	4770      	bx	lr
87801a46:	bf00      	nop
87801a48:	87802e83 	strhi	r2, [r0, r3, lsl #29]

87801a4c <scanf>:
87801a4c:	b40f      	push	{r0, r1, r2, r3}
87801a4e:	b570      	push	{r4, r5, r6, lr}
87801a50:	2500      	movs	r5, #0
87801a52:	4e10      	ldr	r6, [pc, #64]	; (87801a94 <scanf+0x48>)
87801a54:	e002      	b.n	87801a5c <scanf+0x10>
87801a56:	3501      	adds	r5, #1
87801a58:	f806 4f01 	strb.w	r4, [r6, #1]!
87801a5c:	f000 fdf0 	bl	87802640 <getc>
87801a60:	4604      	mov	r4, r0
87801a62:	f000 fdcb 	bl	878025fc <putc>
87801a66:	2c0d      	cmp	r4, #13
87801a68:	bf18      	it	ne
87801a6a:	2c0a      	cmpne	r4, #10
87801a6c:	d1f3      	bne.n	87801a56 <scanf+0xa>
87801a6e:	f642 6084 	movw	r0, #11908	; 0x2e84
87801a72:	2300      	movs	r3, #0
87801a74:	f2c8 7080 	movt	r0, #34688	; 0x8780
87801a78:	aa05      	add	r2, sp, #20
87801a7a:	4405      	add	r5, r0
87801a7c:	9904      	ldr	r1, [sp, #16]
87801a7e:	f500 6080 	add.w	r0, r0, #1024	; 0x400
87801a82:	f885 3400 	strb.w	r3, [r5, #1024]	; 0x400
87801a86:	f7ff fce5 	bl	87801454 <vsscanf>
87801a8a:	e8bd 4070 	ldmia.w	sp!, {r4, r5, r6, lr}
87801a8e:	b004      	add	sp, #16
87801a90:	4770      	bx	lr
87801a92:	bf00      	nop
87801a94:	87803283 	strhi	r3, [r0, r3, lsl #5]

87801a98 <clk_enable>:
87801a98:	f44f 4380 	mov.w	r3, #16384	; 0x4000
87801a9c:	f04f 32ff 	mov.w	r2, #4294967295	; 0xffffffff
87801aa0:	f2c0 230c 	movt	r3, #524	; 0x20c
87801aa4:	669a      	str	r2, [r3, #104]	; 0x68
87801aa6:	66da      	str	r2, [r3, #108]	; 0x6c
87801aa8:	671a      	str	r2, [r3, #112]	; 0x70
87801aaa:	675a      	str	r2, [r3, #116]	; 0x74
87801aac:	679a      	str	r2, [r3, #120]	; 0x78
87801aae:	67da      	str	r2, [r3, #124]	; 0x7c
87801ab0:	f8c3 2080 	str.w	r2, [r3, #128]	; 0x80
87801ab4:	4770      	bx	lr
87801ab6:	bf00      	nop

87801ab8 <imx6u_clkinit>:
87801ab8:	f44f 4380 	mov.w	r3, #16384	; 0x4000
87801abc:	b470      	push	{r4, r5, r6}
87801abe:	f2c0 230c 	movt	r3, #524	; 0x20c
87801ac2:	68da      	ldr	r2, [r3, #12]
87801ac4:	0751      	lsls	r1, r2, #29
87801ac6:	d407      	bmi.n	87801ad8 <imx6u_clkinit+0x20>
87801ac8:	68da      	ldr	r2, [r3, #12]
87801aca:	f422 7280 	bic.w	r2, r2, #256	; 0x100
87801ace:	60da      	str	r2, [r3, #12]
87801ad0:	68da      	ldr	r2, [r3, #12]
87801ad2:	f042 0204 	orr.w	r2, r2, #4
87801ad6:	60da      	str	r2, [r3, #12]
87801ad8:	f44f 4200 	mov.w	r2, #32768	; 0x8000
87801adc:	f44f 4380 	mov.w	r3, #16384	; 0x4000
87801ae0:	f2c0 230c 	movt	r3, #524	; 0x20c
87801ae4:	f2c0 220c 	movt	r2, #524	; 0x20c
87801ae8:	f242 0142 	movw	r1, #8258	; 0x2042
87801aec:	2600      	movs	r6, #0
87801aee:	6011      	str	r1, [r2, #0]
87801af0:	f241 041b 	movw	r4, #4123	; 0x101b
87801af4:	68dd      	ldr	r5, [r3, #12]
87801af6:	f2c2 0418 	movt	r4, #8216	; 0x2018
87801afa:	f241 000c 	movw	r0, #4108	; 0x100c
87801afe:	4619      	mov	r1, r3
87801b00:	f2c1 3011 	movt	r0, #4881	; 0x1311
87801b04:	f025 0504 	bic.w	r5, r5, #4
87801b08:	60dd      	str	r5, [r3, #12]
87801b0a:	611e      	str	r6, [r3, #16]
87801b0c:	f8d2 5100 	ldr.w	r5, [r2, #256]	; 0x100
87801b10:	f005 35c0 	and.w	r5, r5, #3233857728	; 0xc0c0c0c0
87801b14:	432c      	orrs	r4, r5
87801b16:	f8c2 4100 	str.w	r4, [r2, #256]	; 0x100
87801b1a:	f8d2 40f0 	ldr.w	r4, [r2, #240]	; 0xf0
87801b1e:	f004 34c0 	and.w	r4, r4, #3233857728	; 0xc0c0c0c0
87801b22:	4320      	orrs	r0, r4
87801b24:	f8c2 00f0 	str.w	r0, [r2, #240]	; 0xf0
87801b28:	699a      	ldr	r2, [r3, #24]
87801b2a:	f422 2240 	bic.w	r2, r2, #786432	; 0xc0000
87801b2e:	619a      	str	r2, [r3, #24]
87801b30:	699a      	ldr	r2, [r3, #24]
87801b32:	f442 2280 	orr.w	r2, r2, #262144	; 0x40000
87801b36:	619a      	str	r2, [r3, #24]
87801b38:	695a      	ldr	r2, [r3, #20]
87801b3a:	f022 7200 	bic.w	r2, r2, #33554432	; 0x2000000
87801b3e:	615a      	str	r2, [r3, #20]
87801b40:	6c8a      	ldr	r2, [r1, #72]	; 0x48
87801b42:	f44f 4380 	mov.w	r3, #16384	; 0x4000
87801b46:	f2c0 230c 	movt	r3, #524	; 0x20c
87801b4a:	0692      	lsls	r2, r2, #26
87801b4c:	d4f8      	bmi.n	87801b40 <imx6u_clkinit+0x88>
87801b4e:	695a      	ldr	r2, [r3, #20]
87801b50:	bc70      	pop	{r4, r5, r6}
87801b52:	f422 7240 	bic.w	r2, r2, #768	; 0x300
87801b56:	615a      	str	r2, [r3, #20]
87801b58:	695a      	ldr	r2, [r3, #20]
87801b5a:	f442 7280 	orr.w	r2, r2, #256	; 0x100
87801b5e:	615a      	str	r2, [r3, #20]
87801b60:	69da      	ldr	r2, [r3, #28]
87801b62:	f022 0240 	bic.w	r2, r2, #64	; 0x40
87801b66:	61da      	str	r2, [r3, #28]
87801b68:	69da      	ldr	r2, [r3, #28]
87801b6a:	f022 0207 	bic.w	r2, r2, #7
87801b6e:	61da      	str	r2, [r3, #28]
87801b70:	4770      	bx	lr
87801b72:	bf00      	nop

87801b74 <led_init>:
87801b74:	2168      	movs	r1, #104	; 0x68
87801b76:	f44f 723d 	mov.w	r2, #756	; 0x2f4
87801b7a:	f44f 4340 	mov.w	r3, #49152	; 0xc000
87801b7e:	b410      	push	{r4}
87801b80:	f2c0 2309 	movt	r3, #521	; 0x209
87801b84:	2405      	movs	r4, #5
87801b86:	f2c0 220e 	movt	r2, #526	; 0x20e
87801b8a:	f2c0 210e 	movt	r1, #526	; 0x20e
87801b8e:	20b0      	movs	r0, #176	; 0xb0
87801b90:	600c      	str	r4, [r1, #0]
87801b92:	6010      	str	r0, [r2, #0]
87801b94:	685a      	ldr	r2, [r3, #4]
87801b96:	f85d 4b04 	ldr.w	r4, [sp], #4
87801b9a:	f042 0208 	orr.w	r2, r2, #8
87801b9e:	605a      	str	r2, [r3, #4]
87801ba0:	681a      	ldr	r2, [r3, #0]
87801ba2:	f042 0208 	orr.w	r2, r2, #8
87801ba6:	601a      	str	r2, [r3, #0]
87801ba8:	4770      	bx	lr
87801baa:	bf00      	nop

87801bac <led_on>:
87801bac:	f44f 4340 	mov.w	r3, #49152	; 0xc000
87801bb0:	f2c0 2309 	movt	r3, #521	; 0x209
87801bb4:	681a      	ldr	r2, [r3, #0]
87801bb6:	f022 0208 	bic.w	r2, r2, #8
87801bba:	601a      	str	r2, [r3, #0]
87801bbc:	4770      	bx	lr
87801bbe:	bf00      	nop

87801bc0 <led_off>:
87801bc0:	f44f 4340 	mov.w	r3, #49152	; 0xc000
87801bc4:	f2c0 2309 	movt	r3, #521	; 0x209
87801bc8:	681a      	ldr	r2, [r3, #0]
87801bca:	f042 0208 	orr.w	r2, r2, #8
87801bce:	601a      	str	r2, [r3, #0]
87801bd0:	4770      	bx	lr
87801bd2:	bf00      	nop

87801bd4 <led_toggle>:
87801bd4:	f44f 4340 	mov.w	r3, #49152	; 0xc000
87801bd8:	f2c0 2309 	movt	r3, #521	; 0x209
87801bdc:	681a      	ldr	r2, [r3, #0]
87801bde:	f082 0208 	eor.w	r2, r2, #8
87801be2:	601a      	str	r2, [r3, #0]
87801be4:	4770      	bx	lr
87801be6:	bf00      	nop

87801be8 <delay_Init>:
87801be8:	f000 bab0 	b.w	8780214c <GPT_Init>

87801bec <delay_us>:
87801bec:	b500      	push	{lr}
87801bee:	b083      	sub	sp, #12
87801bf0:	9001      	str	r0, [sp, #4]
87801bf2:	2001      	movs	r0, #1
87801bf4:	f000 faa2 	bl	8780213c <GPT_GetInstance>
87801bf8:	2300      	movs	r3, #0
87801bfa:	6a41      	ldr	r1, [r0, #36]	; 0x24
87801bfc:	e001      	b.n	87801c02 <delay_us+0x16>
87801bfe:	6a43      	ldr	r3, [r0, #36]	; 0x24
87801c00:	1a5b      	subs	r3, r3, r1
87801c02:	9a01      	ldr	r2, [sp, #4]
87801c04:	4293      	cmp	r3, r2
87801c06:	d3fa      	bcc.n	87801bfe <delay_us+0x12>
87801c08:	b003      	add	sp, #12
87801c0a:	f85d fb04 	ldr.w	pc, [sp], #4
87801c0e:	bf00      	nop

87801c10 <delay_ms>:
87801c10:	b500      	push	{lr}
87801c12:	b083      	sub	sp, #12
87801c14:	9001      	str	r0, [sp, #4]
87801c16:	9b01      	ldr	r3, [sp, #4]
87801c18:	1e5a      	subs	r2, r3, #1
87801c1a:	9201      	str	r2, [sp, #4]
87801c1c:	b143      	cbz	r3, 87801c30 <delay_ms+0x20>
87801c1e:	f44f 707a 	mov.w	r0, #1000	; 0x3e8
87801c22:	f7ff ffe3 	bl	87801bec <delay_us>
87801c26:	9b01      	ldr	r3, [sp, #4]
87801c28:	1e5a      	subs	r2, r3, #1
87801c2a:	9201      	str	r2, [sp, #4]
87801c2c:	2b00      	cmp	r3, #0
87801c2e:	d1f6      	bne.n	87801c1e <delay_ms+0xe>
87801c30:	b003      	add	sp, #12
87801c32:	f85d fb04 	ldr.w	pc, [sp], #4
87801c36:	bf00      	nop

87801c38 <delay_short>:
87801c38:	b082      	sub	sp, #8
87801c3a:	9001      	str	r0, [sp, #4]
87801c3c:	9b01      	ldr	r3, [sp, #4]
87801c3e:	1e5a      	subs	r2, r3, #1
87801c40:	9201      	str	r2, [sp, #4]
87801c42:	2b00      	cmp	r3, #0
87801c44:	d1fa      	bne.n	87801c3c <delay_short+0x4>
87801c46:	b002      	add	sp, #8
87801c48:	4770      	bx	lr
87801c4a:	bf00      	nop

87801c4c <delay>:
87801c4c:	b082      	sub	sp, #8
87801c4e:	9001      	str	r0, [sp, #4]
87801c50:	9b01      	ldr	r3, [sp, #4]
87801c52:	1e5a      	subs	r2, r3, #1
87801c54:	9201      	str	r2, [sp, #4]
87801c56:	b153      	cbz	r3, 87801c6e <delay+0x22>
87801c58:	f240 73ff 	movw	r3, #2047	; 0x7ff
87801c5c:	461a      	mov	r2, r3
87801c5e:	3b01      	subs	r3, #1
87801c60:	2a00      	cmp	r2, #0
87801c62:	d1fb      	bne.n	87801c5c <delay+0x10>
87801c64:	9b01      	ldr	r3, [sp, #4]
87801c66:	1e5a      	subs	r2, r3, #1
87801c68:	9201      	str	r2, [sp, #4]
87801c6a:	2b00      	cmp	r3, #0
87801c6c:	d1f4      	bne.n	87801c58 <delay+0xc>
87801c6e:	b002      	add	sp, #8
87801c70:	4770      	bx	lr
87801c72:	bf00      	nop

87801c74 <beep_init>:
87801c74:	210c      	movs	r1, #12
87801c76:	2250      	movs	r2, #80	; 0x50
87801c78:	f44f 4340 	mov.w	r3, #49152	; 0xc000
87801c7c:	b410      	push	{r4}
87801c7e:	f2c0 230a 	movt	r3, #522	; 0x20a
87801c82:	2405      	movs	r4, #5
87801c84:	f2c0 2229 	movt	r2, #553	; 0x229
87801c88:	f2c0 2129 	movt	r1, #553	; 0x229
87801c8c:	20b0      	movs	r0, #176	; 0xb0
87801c8e:	600c      	str	r4, [r1, #0]
87801c90:	6010      	str	r0, [r2, #0]
87801c92:	685a      	ldr	r2, [r3, #4]
87801c94:	f85d 4b04 	ldr.w	r4, [sp], #4
87801c98:	f042 0202 	orr.w	r2, r2, #2
87801c9c:	605a      	str	r2, [r3, #4]
87801c9e:	681a      	ldr	r2, [r3, #0]
87801ca0:	f042 0202 	orr.w	r2, r2, #2
87801ca4:	601a      	str	r2, [r3, #0]
87801ca6:	4770      	bx	lr

87801ca8 <beep_on>:
87801ca8:	f44f 4340 	mov.w	r3, #49152	; 0xc000
87801cac:	f2c0 230a 	movt	r3, #522	; 0x20a
87801cb0:	681a      	ldr	r2, [r3, #0]
87801cb2:	f022 0202 	bic.w	r2, r2, #2
87801cb6:	601a      	str	r2, [r3, #0]
87801cb8:	4770      	bx	lr
87801cba:	bf00      	nop

87801cbc <beep_off>:
87801cbc:	f44f 4340 	mov.w	r3, #49152	; 0xc000
87801cc0:	f2c0 230a 	movt	r3, #522	; 0x20a
87801cc4:	681a      	ldr	r2, [r3, #0]
87801cc6:	f042 0202 	orr.w	r2, r2, #2
87801cca:	601a      	str	r2, [r3, #0]
87801ccc:	4770      	bx	lr
87801cce:	bf00      	nop

87801cd0 <beep_toggle>:
87801cd0:	f44f 4340 	mov.w	r3, #49152	; 0xc000
87801cd4:	f2c0 230a 	movt	r3, #522	; 0x20a
87801cd8:	681a      	ldr	r2, [r3, #0]
87801cda:	f082 0202 	eor.w	r2, r2, #2
87801cde:	601a      	str	r2, [r3, #0]
87801ce0:	4770      	bx	lr
87801ce2:	bf00      	nop

87801ce4 <key_init>:
87801ce4:	218c      	movs	r1, #140	; 0x8c
87801ce6:	f44f 7346 	mov.w	r3, #792	; 0x318
87801cea:	f247 02b0 	movw	r2, #28848	; 0x70b0
87801cee:	b510      	push	{r4, lr}
87801cf0:	f2c0 210e 	movt	r1, #526	; 0x20e
87801cf4:	b084      	sub	sp, #16
87801cf6:	2405      	movs	r4, #5
87801cf8:	f2c0 230e 	movt	r3, #526	; 0x20e
87801cfc:	f2c0 0201 	movt	r2, #1
87801d00:	f44f 4040 	mov.w	r0, #49152	; 0xc000
87801d04:	600c      	str	r4, [r1, #0]
87801d06:	f2c0 2009 	movt	r0, #521	; 0x209
87801d0a:	601a      	str	r2, [r3, #0]
87801d0c:	2112      	movs	r1, #18
87801d0e:	2300      	movs	r3, #0
87801d10:	aa01      	add	r2, sp, #4
87801d12:	9301      	str	r3, [sp, #4]
87801d14:	f88d 3008 	strb.w	r3, [sp, #8]
87801d18:	f000 f888 	bl	87801e2c <gpio_init>
87801d1c:	b004      	add	sp, #16
87801d1e:	bd10      	pop	{r4, pc}

87801d20 <key_getvalue>:
87801d20:	b538      	push	{r3, r4, r5, lr}
87801d22:	f642 54cc 	movw	r4, #11724	; 0x2dcc
87801d26:	f2c8 7480 	movt	r4, #34688	; 0x8780
87801d2a:	7823      	ldrb	r3, [r4, #0]
87801d2c:	2b01      	cmp	r3, #1
87801d2e:	d00e      	beq.n	87801d4e <key_getvalue+0x2e>
87801d30:	f44f 4040 	mov.w	r0, #49152	; 0xc000
87801d34:	2112      	movs	r1, #18
87801d36:	f2c0 2009 	movt	r0, #521	; 0x209
87801d3a:	f000 f823 	bl	87801d84 <gpio_pinread>
87801d3e:	2801      	cmp	r0, #1
87801d40:	4603      	mov	r3, r0
87801d42:	d001      	beq.n	87801d48 <key_getvalue+0x28>
87801d44:	2000      	movs	r0, #0
87801d46:	bd38      	pop	{r3, r4, r5, pc}
87801d48:	2000      	movs	r0, #0
87801d4a:	7023      	strb	r3, [r4, #0]
87801d4c:	bd38      	pop	{r3, r4, r5, pc}
87801d4e:	f44f 4040 	mov.w	r0, #49152	; 0xc000
87801d52:	2112      	movs	r1, #18
87801d54:	f2c0 2009 	movt	r0, #521	; 0x209
87801d58:	f000 f814 	bl	87801d84 <gpio_pinread>
87801d5c:	2800      	cmp	r0, #0
87801d5e:	d1e7      	bne.n	87801d30 <key_getvalue+0x10>
87801d60:	200a      	movs	r0, #10
87801d62:	f7ff ff73 	bl	87801c4c <delay>
87801d66:	7825      	ldrb	r5, [r4, #0]
87801d68:	2d01      	cmp	r5, #1
87801d6a:	d1eb      	bne.n	87801d44 <key_getvalue+0x24>
87801d6c:	f44f 4040 	mov.w	r0, #49152	; 0xc000
87801d70:	2112      	movs	r1, #18
87801d72:	f2c0 2009 	movt	r0, #521	; 0x209
87801d76:	f000 f805 	bl	87801d84 <gpio_pinread>
87801d7a:	2800      	cmp	r0, #0
87801d7c:	d1e2      	bne.n	87801d44 <key_getvalue+0x24>
87801d7e:	7020      	strb	r0, [r4, #0]
87801d80:	4628      	mov	r0, r5
87801d82:	bd38      	pop	{r3, r4, r5, pc}

87801d84 <gpio_pinread>:
87801d84:	6800      	ldr	r0, [r0, #0]
87801d86:	40c8      	lsrs	r0, r1
87801d88:	f000 0001 	and.w	r0, r0, #1
87801d8c:	4770      	bx	lr
87801d8e:	bf00      	nop

87801d90 <gpio_pinwrite>:
87801d90:	2301      	movs	r3, #1
87801d92:	b122      	cbz	r2, 87801d9e <gpio_pinwrite+0xe>
87801d94:	6802      	ldr	r2, [r0, #0]
87801d96:	408b      	lsls	r3, r1
87801d98:	4313      	orrs	r3, r2
87801d9a:	6003      	str	r3, [r0, #0]
87801d9c:	4770      	bx	lr
87801d9e:	6802      	ldr	r2, [r0, #0]
87801da0:	408b      	lsls	r3, r1
87801da2:	ea22 0303 	bic.w	r3, r2, r3
87801da6:	6003      	str	r3, [r0, #0]
87801da8:	4770      	bx	lr
87801daa:	bf00      	nop

87801dac <gpio_intconfig>:
87801dac:	b430      	push	{r4, r5}
87801dae:	2301      	movs	r3, #1
87801db0:	69c4      	ldr	r4, [r0, #28]
87801db2:	408b      	lsls	r3, r1
87801db4:	290f      	cmp	r1, #15
87801db6:	f102 32ff 	add.w	r2, r2, #4294967295	; 0xffffffff
87801dba:	bf88      	it	hi
87801dbc:	3910      	subhi	r1, #16
87801dbe:	ea24 0403 	bic.w	r4, r4, r3
87801dc2:	61c4      	str	r4, [r0, #28]
87801dc4:	bf94      	ite	ls
87801dc6:	f100 040c 	addls.w	r4, r0, #12
87801dca:	f100 0410 	addhi.w	r4, r0, #16
87801dce:	2a04      	cmp	r2, #4
87801dd0:	d80f      	bhi.n	87801df2 <gpio_intconfig+0x46>
87801dd2:	e8df f002 	tbb	[pc, r2]
87801dd6:	231e0315 	tstcs	lr, #1409286144	; 0x54000000
87801dda:	68200010 	stmdavs	r0!, {r4}
87801dde:	0049      	lsls	r1, r1, #1
87801de0:	2503      	movs	r5, #3
87801de2:	2301      	movs	r3, #1
87801de4:	408d      	lsls	r5, r1
87801de6:	fa03 f201 	lsl.w	r2, r3, r1
87801dea:	ea20 0305 	bic.w	r3, r0, r5
87801dee:	4313      	orrs	r3, r2
87801df0:	6023      	str	r3, [r4, #0]
87801df2:	bc30      	pop	{r4, r5}
87801df4:	4770      	bx	lr
87801df6:	69c2      	ldr	r2, [r0, #28]
87801df8:	bc30      	pop	{r4, r5}
87801dfa:	4313      	orrs	r3, r2
87801dfc:	61c3      	str	r3, [r0, #28]
87801dfe:	4770      	bx	lr
87801e00:	0049      	lsls	r1, r1, #1
87801e02:	6822      	ldr	r2, [r4, #0]
87801e04:	2303      	movs	r3, #3
87801e06:	408b      	lsls	r3, r1
87801e08:	ea22 0303 	bic.w	r3, r2, r3
87801e0c:	6023      	str	r3, [r4, #0]
87801e0e:	bc30      	pop	{r4, r5}
87801e10:	4770      	bx	lr
87801e12:	0049      	lsls	r1, r1, #1
87801e14:	2503      	movs	r5, #3
87801e16:	6820      	ldr	r0, [r4, #0]
87801e18:	2302      	movs	r3, #2
87801e1a:	e7e3      	b.n	87801de4 <gpio_intconfig+0x38>
87801e1c:	0049      	lsls	r1, r1, #1
87801e1e:	6822      	ldr	r2, [r4, #0]
87801e20:	2303      	movs	r3, #3
87801e22:	408b      	lsls	r3, r1
87801e24:	4313      	orrs	r3, r2
87801e26:	6023      	str	r3, [r4, #0]
87801e28:	bc30      	pop	{r4, r5}
87801e2a:	4770      	bx	lr

87801e2c <gpio_init>:
87801e2c:	2301      	movs	r3, #1
87801e2e:	b470      	push	{r4, r5, r6}
87801e30:	408b      	lsls	r3, r1
87801e32:	6944      	ldr	r4, [r0, #20]
87801e34:	6816      	ldr	r6, [r2, #0]
87801e36:	43dd      	mvns	r5, r3
87801e38:	402c      	ands	r4, r5
87801e3a:	6144      	str	r4, [r0, #20]
87801e3c:	b15e      	cbz	r6, 87801e56 <gpio_init+0x2a>
87801e3e:	6844      	ldr	r4, [r0, #4]
87801e40:	431c      	orrs	r4, r3
87801e42:	6044      	str	r4, [r0, #4]
87801e44:	7914      	ldrb	r4, [r2, #4]
87801e46:	b16c      	cbz	r4, 87801e64 <gpio_init+0x38>
87801e48:	6804      	ldr	r4, [r0, #0]
87801e4a:	6892      	ldr	r2, [r2, #8]
87801e4c:	4323      	orrs	r3, r4
87801e4e:	bc70      	pop	{r4, r5, r6}
87801e50:	6003      	str	r3, [r0, #0]
87801e52:	f7ff bfab 	b.w	87801dac <gpio_intconfig>
87801e56:	6843      	ldr	r3, [r0, #4]
87801e58:	6892      	ldr	r2, [r2, #8]
87801e5a:	401d      	ands	r5, r3
87801e5c:	6045      	str	r5, [r0, #4]
87801e5e:	bc70      	pop	{r4, r5, r6}
87801e60:	f7ff bfa4 	b.w	87801dac <gpio_intconfig>
87801e64:	6803      	ldr	r3, [r0, #0]
87801e66:	6892      	ldr	r2, [r2, #8]
87801e68:	401d      	ands	r5, r3
87801e6a:	6005      	str	r5, [r0, #0]
87801e6c:	bc70      	pop	{r4, r5, r6}
87801e6e:	f7ff bf9d 	b.w	87801dac <gpio_intconfig>
87801e72:	bf00      	nop

87801e74 <gpio_enableint>:
87801e74:	6943      	ldr	r3, [r0, #20]
87801e76:	2201      	movs	r2, #1
87801e78:	408a      	lsls	r2, r1
87801e7a:	4313      	orrs	r3, r2
87801e7c:	6143      	str	r3, [r0, #20]
87801e7e:	4770      	bx	lr

87801e80 <gpio_disableint>:
87801e80:	6943      	ldr	r3, [r0, #20]
87801e82:	2201      	movs	r2, #1
87801e84:	408a      	lsls	r2, r1
87801e86:	ea23 0302 	bic.w	r3, r3, r2
87801e8a:	6143      	str	r3, [r0, #20]
87801e8c:	4770      	bx	lr
87801e8e:	bf00      	nop

87801e90 <gpio_clearintflags>:
87801e90:	6983      	ldr	r3, [r0, #24]
87801e92:	2201      	movs	r2, #1
87801e94:	408a      	lsls	r2, r1
87801e96:	4313      	orrs	r3, r2
87801e98:	6183      	str	r3, [r0, #24]
87801e9a:	4770      	bx	lr

87801e9c <gpio_getintflags>:
87801e9c:	6980      	ldr	r0, [r0, #24]
87801e9e:	40c8      	lsrs	r0, r1
87801ea0:	f000 0001 	and.w	r0, r0, #1
87801ea4:	4770      	bx	lr
87801ea6:	bf00      	nop

87801ea8 <gpio1_io18_irqhandler>:
87801ea8:	f44f 4040 	mov.w	r0, #49152	; 0xc000
87801eac:	b508      	push	{r3, lr}
87801eae:	2112      	movs	r1, #18
87801eb0:	f2c0 2009 	movt	r0, #521	; 0x209
87801eb4:	f7ff fff2 	bl	87801e9c <gpio_getintflags>
87801eb8:	b900      	cbnz	r0, 87801ebc <gpio1_io18_irqhandler+0x14>
87801eba:	bd08      	pop	{r3, pc}
87801ebc:	2001      	movs	r0, #1
87801ebe:	f000 f8db 	bl	87802078 <EPIT_GetInstance>
87801ec2:	f000 f923 	bl	8780210c <EPIT_ReStart>
87801ec6:	f44f 4040 	mov.w	r0, #49152	; 0xc000
87801eca:	2112      	movs	r1, #18
87801ecc:	f2c0 2009 	movt	r0, #521	; 0x209
87801ed0:	e8bd 4008 	ldmia.w	sp!, {r3, lr}
87801ed4:	f7ff bfdc 	b.w	87801e90 <gpio_clearintflags>

87801ed8 <exit_init>:
87801ed8:	b570      	push	{r4, r5, r6, lr}
87801eda:	228c      	movs	r2, #140	; 0x8c
87801edc:	f44f 7346 	mov.w	r3, #792	; 0x318
87801ee0:	f44f 4440 	mov.w	r4, #49152	; 0xc000
87801ee4:	b084      	sub	sp, #16
87801ee6:	2604      	movs	r6, #4
87801ee8:	f2c0 220e 	movt	r2, #526	; 0x20e
87801eec:	2005      	movs	r0, #5
87801eee:	f2c0 230e 	movt	r3, #526	; 0x20e
87801ef2:	21b0      	movs	r1, #176	; 0xb0
87801ef4:	f2c0 2409 	movt	r4, #521	; 0x209
87801ef8:	6010      	str	r0, [r2, #0]
87801efa:	2500      	movs	r5, #0
87801efc:	6019      	str	r1, [r3, #0]
87801efe:	4620      	mov	r0, r4
87801f00:	2301      	movs	r3, #1
87801f02:	eb0d 0206 	add.w	r2, sp, r6
87801f06:	2112      	movs	r1, #18
87801f08:	9501      	str	r5, [sp, #4]
87801f0a:	9603      	str	r6, [sp, #12]
87801f0c:	f88d 3008 	strb.w	r3, [sp, #8]
87801f10:	f7ff ff8c 	bl	87801e2c <gpio_init>
87801f14:	ee9f 3f10 	mrc	15, 4, r3, cr15, cr0, {0}
87801f18:	0c1b      	lsrs	r3, r3, #16
87801f1a:	f241 100c 	movw	r0, #4364	; 0x110c
87801f1e:	2608      	movs	r6, #8
87801f20:	041b      	lsls	r3, r3, #16
87801f22:	f641 61a9 	movw	r1, #7849	; 0x1ea9
87801f26:	462a      	mov	r2, r5
87801f28:	501e      	str	r6, [r3, r0]
87801f2a:	f2c8 7180 	movt	r1, #34688	; 0x8780
87801f2e:	2063      	movs	r0, #99	; 0x63
87801f30:	f000 f860 	bl	87801ff4 <system_register_irqhandler>
87801f34:	4620      	mov	r0, r4
87801f36:	2112      	movs	r1, #18
87801f38:	f7ff ff9c 	bl	87801e74 <gpio_enableint>
87801f3c:	b004      	add	sp, #16
87801f3e:	bd70      	pop	{r4, r5, r6, pc}

87801f40 <default_irqhandler>:
87801f40:	e7fe      	b.n	87801f40 <default_irqhandler>
87801f42:	bf00      	nop

87801f44 <int_init>:
87801f44:	b5f0      	push	{r4, r5, r6, r7, lr}
87801f46:	ee9f 4f10 	mrc	15, 4, r4, cr15, cr0, {0}
87801f4a:	0c24      	lsrs	r4, r4, #16
87801f4c:	f241 0204 	movw	r2, #4100	; 0x1004
87801f50:	2300      	movs	r3, #0
87801f52:	0424      	lsls	r4, r4, #16
87801f54:	f04f 30ff 	mov.w	r0, #4294967295	; 0xffffffff
87801f58:	58a1      	ldr	r1, [r4, r2]
87801f5a:	f001 011f 	and.w	r1, r1, #31
87801f5e:	3101      	adds	r1, #1
87801f60:	f503 628c 	add.w	r2, r3, #1120	; 0x460
87801f64:	3301      	adds	r3, #1
87801f66:	4299      	cmp	r1, r3
87801f68:	f844 0022 	str.w	r0, [r4, r2, lsl #2]
87801f6c:	d1f8      	bne.n	87801f60 <int_init+0x1c>
87801f6e:	f242 0604 	movw	r6, #8196	; 0x2004
87801f72:	27f8      	movs	r7, #248	; 0xf8
87801f74:	f243 6384 	movw	r3, #13956	; 0x3684
87801f78:	f641 7241 	movw	r2, #8001	; 0x1f41
87801f7c:	51a7      	str	r7, [r4, r6]
87801f7e:	2500      	movs	r5, #0
87801f80:	f2c8 7380 	movt	r3, #34688	; 0x8780
87801f84:	f242 0708 	movw	r7, #8200	; 0x2008
87801f88:	f04f 0e02 	mov.w	lr, #2
87801f8c:	f2c8 7280 	movt	r2, #34688	; 0x8780
87801f90:	f844 e007 	str.w	lr, [r4, r7]
87801f94:	f504 5680 	add.w	r6, r4, #4096	; 0x1000
87801f98:	f203 5004 	addw	r0, r3, #1284	; 0x504
87801f9c:	4629      	mov	r1, r5
87801f9e:	f843 5b04 	str.w	r5, [r3], #4
87801fa2:	f504 5400 	add.w	r4, r4, #8192	; 0x2000
87801fa6:	2501      	movs	r5, #1
87801fa8:	6035      	str	r5, [r6, #0]
87801faa:	6025      	str	r5, [r4, #0]
87801fac:	601a      	str	r2, [r3, #0]
87801fae:	3308      	adds	r3, #8
87801fb0:	f843 1c04 	str.w	r1, [r3, #-4]
87801fb4:	4283      	cmp	r3, r0
87801fb6:	d1f9      	bne.n	87801fac <int_init+0x68>
87801fb8:	2300      	movs	r3, #0
87801fba:	f2c8 7380 	movt	r3, #34688	; 0x8780
87801fbe:	ee0c 3f10 	mcr	15, 0, r3, cr12, cr0, {0}
87801fc2:	bdf0      	pop	{r4, r5, r6, r7, pc}

87801fc4 <system_irqtable_init>:
87801fc4:	b410      	push	{r4}
87801fc6:	f641 7241 	movw	r2, #8001	; 0x1f41
87801fca:	2400      	movs	r4, #0
87801fcc:	f243 6384 	movw	r3, #13956	; 0x3684
87801fd0:	4621      	mov	r1, r4
87801fd2:	f2c8 7280 	movt	r2, #34688	; 0x8780
87801fd6:	f2c8 7380 	movt	r3, #34688	; 0x8780
87801fda:	f203 5004 	addw	r0, r3, #1284	; 0x504
87801fde:	f843 4b04 	str.w	r4, [r3], #4
87801fe2:	601a      	str	r2, [r3, #0]
87801fe4:	3308      	adds	r3, #8
87801fe6:	f843 1c04 	str.w	r1, [r3, #-4]
87801fea:	4283      	cmp	r3, r0
87801fec:	d1f9      	bne.n	87801fe2 <system_irqtable_init+0x1e>
87801fee:	f85d 4b04 	ldr.w	r4, [sp], #4
87801ff2:	4770      	bx	lr

87801ff4 <system_register_irqhandler>:
87801ff4:	f243 6384 	movw	r3, #13956	; 0x3684
87801ff8:	f2c8 7380 	movt	r3, #34688	; 0x8780
87801ffc:	eb03 00c0 	add.w	r0, r3, r0, lsl #3
87802000:	6041      	str	r1, [r0, #4]
87802002:	6082      	str	r2, [r0, #8]
87802004:	4770      	bx	lr
87802006:	bf00      	nop

87802008 <system_irqhandler>:
87802008:	b538      	push	{r3, r4, r5, lr}
8780200a:	f3c0 0309 	ubfx	r3, r0, #0, #10
8780200e:	2b9f      	cmp	r3, #159	; 0x9f
87802010:	d80f      	bhi.n	87802032 <system_irqhandler+0x2a>
87802012:	f243 6484 	movw	r4, #13956	; 0x3684
87802016:	4618      	mov	r0, r3
87802018:	f2c8 7480 	movt	r4, #34688	; 0x8780
8780201c:	6822      	ldr	r2, [r4, #0]
8780201e:	eb04 03c3 	add.w	r3, r4, r3, lsl #3
87802022:	685d      	ldr	r5, [r3, #4]
87802024:	3201      	adds	r2, #1
87802026:	6899      	ldr	r1, [r3, #8]
87802028:	6022      	str	r2, [r4, #0]
8780202a:	47a8      	blx	r5
8780202c:	6823      	ldr	r3, [r4, #0]
8780202e:	3b01      	subs	r3, #1
87802030:	6023      	str	r3, [r4, #0]
87802032:	bd38      	pop	{r3, r4, r5, pc}

87802034 <EPIT_irqhandler>:
87802034:	b510      	push	{r4, lr}
87802036:	f642 54d0 	movw	r4, #11728	; 0x2dd0
8780203a:	f2c8 7480 	movt	r4, #34688	; 0x8780
8780203e:	6863      	ldr	r3, [r4, #4]
87802040:	685a      	ldr	r2, [r3, #4]
87802042:	07d2      	lsls	r2, r2, #31
87802044:	d400      	bmi.n	87802048 <EPIT_irqhandler+0x14>
87802046:	bd10      	pop	{r4, pc}
87802048:	681a      	ldr	r2, [r3, #0]
8780204a:	f44f 4040 	mov.w	r0, #49152	; 0xc000
8780204e:	f2c0 2009 	movt	r0, #521	; 0x209
87802052:	2112      	movs	r1, #18
87802054:	f022 0201 	bic.w	r2, r2, #1
87802058:	601a      	str	r2, [r3, #0]
8780205a:	681a      	ldr	r2, [r3, #0]
8780205c:	601a      	str	r2, [r3, #0]
8780205e:	f7ff fe91 	bl	87801d84 <gpio_pinread>
87802062:	b128      	cbz	r0, 87802070 <EPIT_irqhandler+0x3c>
87802064:	6862      	ldr	r2, [r4, #4]
87802066:	6853      	ldr	r3, [r2, #4]
87802068:	f043 0301 	orr.w	r3, r3, #1
8780206c:	6053      	str	r3, [r2, #4]
8780206e:	bd10      	pop	{r4, pc}
87802070:	f7ff fe2e 	bl	87801cd0 <beep_toggle>
87802074:	e7f6      	b.n	87802064 <EPIT_irqhandler+0x30>
87802076:	bf00      	nop

87802078 <EPIT_GetInstance>:
87802078:	f642 53d0 	movw	r3, #11728	; 0x2dd0
8780207c:	f2c8 7380 	movt	r3, #34688	; 0x8780
87802080:	f853 0020 	ldr.w	r0, [r3, r0, lsl #2]
87802084:	4770      	bx	lr
87802086:	bf00      	nop

87802088 <EPIT_Init>:
87802088:	b570      	push	{r4, r5, r6, lr}
8780208a:	f642 55d0 	movw	r5, #11728	; 0x2dd0
8780208e:	b08e      	sub	sp, #56	; 0x38
87802090:	f2c8 7580 	movt	r5, #34688	; 0x8780
87802094:	2238      	movs	r2, #56	; 0x38
87802096:	2100      	movs	r1, #0
87802098:	686c      	ldr	r4, [r5, #4]
8780209a:	4668      	mov	r0, sp
8780209c:	f7fe fa7c 	bl	87800598 <memset>
878020a0:	260a      	movs	r6, #10
878020a2:	f44f 5191 	mov.w	r1, #4640	; 0x1220
878020a6:	2301      	movs	r3, #1
878020a8:	2200      	movs	r2, #0
878020aa:	f2c0 010a 	movt	r1, #10
878020ae:	f2c0 162e 	movt	r6, #302	; 0x12e
878020b2:	6928      	ldr	r0, [r5, #16]
878020b4:	910b      	str	r1, [sp, #44]	; 0x2c
878020b6:	9303      	str	r3, [sp, #12]
878020b8:	9304      	str	r3, [sp, #16]
878020ba:	9305      	str	r3, [sp, #20]
878020bc:	930a      	str	r3, [sp, #40]	; 0x28
878020be:	9308      	str	r3, [sp, #32]
878020c0:	9206      	str	r2, [sp, #24]
878020c2:	9207      	str	r2, [sp, #28]
878020c4:	920c      	str	r2, [sp, #48]	; 0x30
878020c6:	9302      	str	r3, [sp, #8]
878020c8:	9300      	str	r3, [sp, #0]
878020ca:	9201      	str	r2, [sp, #4]
878020cc:	6026      	str	r6, [r4, #0]
878020ce:	60a1      	str	r1, [r4, #8]
878020d0:	60e2      	str	r2, [r4, #12]
878020d2:	ee9f 5f10 	mrc	15, 4, r5, cr15, cr0, {0}
878020d6:	0c2d      	lsrs	r5, r5, #16
878020d8:	f000 011f 	and.w	r1, r0, #31
878020dc:	0946      	lsrs	r6, r0, #5
878020de:	408b      	lsls	r3, r1
878020e0:	042d      	lsls	r5, r5, #16
878020e2:	f506 6688 	add.w	r6, r6, #1088	; 0x440
878020e6:	f242 0135 	movw	r1, #8245	; 0x2035
878020ea:	f845 3026 	str.w	r3, [r5, r6, lsl #2]
878020ee:	f2c8 7180 	movt	r1, #34688	; 0x8780
878020f2:	f7ff ff7f 	bl	87801ff4 <system_register_irqhandler>
878020f6:	6863      	ldr	r3, [r4, #4]
878020f8:	f043 0301 	orr.w	r3, r3, #1
878020fc:	6063      	str	r3, [r4, #4]
878020fe:	6823      	ldr	r3, [r4, #0]
87802100:	f043 0304 	orr.w	r3, r3, #4
87802104:	6023      	str	r3, [r4, #0]
87802106:	b00e      	add	sp, #56	; 0x38
87802108:	bd70      	pop	{r4, r5, r6, pc}
8780210a:	bf00      	nop

8780210c <EPIT_ReStart>:
8780210c:	6803      	ldr	r3, [r0, #0]
8780210e:	f023 0301 	bic.w	r3, r3, #1
87802112:	6003      	str	r3, [r0, #0]
87802114:	6803      	ldr	r3, [r0, #0]
87802116:	6003      	str	r3, [r0, #0]
87802118:	6843      	ldr	r3, [r0, #4]
8780211a:	f043 0301 	orr.w	r3, r3, #1
8780211e:	6043      	str	r3, [r0, #4]
87802120:	6803      	ldr	r3, [r0, #0]
87802122:	f043 0301 	orr.w	r3, r3, #1
87802126:	6003      	str	r3, [r0, #0]
87802128:	4770      	bx	lr
8780212a:	bf00      	nop

8780212c <KeyFiler_init>:
8780212c:	b508      	push	{r3, lr}
8780212e:	f7ff fed3 	bl	87801ed8 <exit_init>
87802132:	e8bd 4008 	ldmia.w	sp!, {r3, lr}
87802136:	f7ff bfa7 	b.w	87802088 <EPIT_Init>
8780213a:	bf00      	nop

8780213c <GPT_GetInstance>:
8780213c:	f642 53f4 	movw	r3, #11764	; 0x2df4
87802140:	f2c8 7380 	movt	r3, #34688	; 0x8780
87802144:	f853 0020 	ldr.w	r0, [r3, r0, lsl #2]
87802148:	4770      	bx	lr
8780214a:	bf00      	nop

8780214c <GPT_Init>:
8780214c:	f642 53f4 	movw	r3, #11764	; 0x2df4
87802150:	b510      	push	{r4, lr}
87802152:	f2c8 7380 	movt	r3, #34688	; 0x8780
87802156:	b084      	sub	sp, #16
87802158:	2210      	movs	r2, #16
8780215a:	2100      	movs	r1, #0
8780215c:	685c      	ldr	r4, [r3, #4]
8780215e:	4668      	mov	r0, sp
87802160:	f7fe fa1a 	bl	87800598 <memset>
87802164:	f44f 7110 	mov.w	r1, #576	; 0x240
87802168:	2242      	movs	r2, #66	; 0x42
8780216a:	6823      	ldr	r3, [r4, #0]
8780216c:	f443 4300 	orr.w	r3, r3, #32768	; 0x8000
87802170:	6023      	str	r3, [r4, #0]
87802172:	6823      	ldr	r3, [r4, #0]
87802174:	6021      	str	r1, [r4, #0]
87802176:	6062      	str	r2, [r4, #4]
87802178:	6823      	ldr	r3, [r4, #0]
8780217a:	f043 0301 	orr.w	r3, r3, #1
8780217e:	6023      	str	r3, [r4, #0]
87802180:	b004      	add	sp, #16
87802182:	bd10      	pop	{r4, pc}

87802184 <uart1_irq_handler>:
87802184:	4770      	bx	lr
87802186:	bf00      	nop

87802188 <UART_GetInstance>:
87802188:	f642 6318 	movw	r3, #11800	; 0x2e18
8780218c:	f2c8 7380 	movt	r3, #34688	; 0x8780
87802190:	f853 0020 	ldr.w	r0, [r3, r0, lsl #2]
87802194:	4770      	bx	lr
87802196:	bf00      	nop

87802198 <BSP_UART_Init>:
87802198:	f244 0224 	movw	r2, #16420	; 0x4024
8780219c:	b4f0      	push	{r4, r5, r6, r7}
8780219e:	f2c0 220c 	movt	r2, #524	; 0x20c
878021a2:	6841      	ldr	r1, [r0, #4]
878021a4:	b090      	sub	sp, #64	; 0x40
878021a6:	6814      	ldr	r4, [r2, #0]
878021a8:	6803      	ldr	r3, [r0, #0]
878021aa:	9400      	str	r4, [sp, #0]
878021ac:	018c      	lsls	r4, r1, #6
878021ae:	9900      	ldr	r1, [sp, #0]
878021b0:	f004 0440 	and.w	r4, r4, #64	; 0x40
878021b4:	f021 0140 	bic.w	r1, r1, #64	; 0x40
878021b8:	4321      	orrs	r1, r4
878021ba:	9100      	str	r1, [sp, #0]
878021bc:	9900      	ldr	r1, [sp, #0]
878021be:	6011      	str	r1, [r2, #0]
878021c0:	6811      	ldr	r1, [r2, #0]
878021c2:	9101      	str	r1, [sp, #4]
878021c4:	9901      	ldr	r1, [sp, #4]
878021c6:	f021 013f 	bic.w	r1, r1, #63	; 0x3f
878021ca:	9101      	str	r1, [sp, #4]
878021cc:	9901      	ldr	r1, [sp, #4]
878021ce:	6011      	str	r1, [r2, #0]
878021d0:	f8d3 2084 	ldr.w	r2, [r3, #132]	; 0x84
878021d4:	9202      	str	r2, [sp, #8]
878021d6:	9a02      	ldr	r2, [sp, #8]
878021d8:	f022 0201 	bic.w	r2, r2, #1
878021dc:	9202      	str	r2, [sp, #8]
878021de:	9a02      	ldr	r2, [sp, #8]
878021e0:	f8c3 2084 	str.w	r2, [r3, #132]	; 0x84
878021e4:	f8d3 2084 	ldr.w	r2, [r3, #132]	; 0x84
878021e8:	07d2      	lsls	r2, r2, #31
878021ea:	d5fb      	bpl.n	878021e4 <BSP_UART_Init+0x4c>
878021ec:	f8d3 1090 	ldr.w	r1, [r3, #144]	; 0x90
878021f0:	6886      	ldr	r6, [r0, #8]
878021f2:	68c2      	ldr	r2, [r0, #12]
878021f4:	9103      	str	r1, [sp, #12]
878021f6:	9903      	ldr	r1, [sp, #12]
878021f8:	01f6      	lsls	r6, r6, #7
878021fa:	6944      	ldr	r4, [r0, #20]
878021fc:	0197      	lsls	r7, r2, #6
878021fe:	69c2      	ldr	r2, [r0, #28]
87802200:	f421 7160 	bic.w	r1, r1, #896	; 0x380
87802204:	6985      	ldr	r5, [r0, #24]
87802206:	f406 7660 	and.w	r6, r6, #896	; 0x380
8780220a:	f007 0740 	and.w	r7, r7, #64	; 0x40
8780220e:	430e      	orrs	r6, r1
87802210:	0164      	lsls	r4, r4, #5
87802212:	9603      	str	r6, [sp, #12]
87802214:	0192      	lsls	r2, r2, #6
87802216:	9e03      	ldr	r6, [sp, #12]
87802218:	f004 0120 	and.w	r1, r4, #32
8780221c:	f002 0440 	and.w	r4, r2, #64	; 0x40
87802220:	f8c3 6090 	str.w	r6, [r3, #144]	; 0x90
87802224:	462e      	mov	r6, r5
87802226:	f8d3 2090 	ldr.w	r2, [r3, #144]	; 0x90
8780222a:	9204      	str	r2, [sp, #16]
8780222c:	9a04      	ldr	r2, [sp, #16]
8780222e:	f022 0240 	bic.w	r2, r2, #64	; 0x40
87802232:	433a      	orrs	r2, r7
87802234:	9204      	str	r2, [sp, #16]
87802236:	9a04      	ldr	r2, [sp, #16]
87802238:	f8c3 2090 	str.w	r2, [r3, #144]	; 0x90
8780223c:	f8d3 2084 	ldr.w	r2, [r3, #132]	; 0x84
87802240:	9205      	str	r2, [sp, #20]
87802242:	9a05      	ldr	r2, [sp, #20]
87802244:	f022 0220 	bic.w	r2, r2, #32
87802248:	430a      	orrs	r2, r1
8780224a:	9205      	str	r2, [sp, #20]
8780224c:	9a05      	ldr	r2, [sp, #20]
8780224e:	f8c3 2084 	str.w	r2, [r3, #132]	; 0x84
87802252:	f8d3 2084 	ldr.w	r2, [r3, #132]	; 0x84
87802256:	9206      	str	r2, [sp, #24]
87802258:	9a06      	ldr	r2, [sp, #24]
8780225a:	f022 0240 	bic.w	r2, r2, #64	; 0x40
8780225e:	4322      	orrs	r2, r4
87802260:	9206      	str	r2, [sp, #24]
87802262:	9a06      	ldr	r2, [sp, #24]
87802264:	f8c3 2084 	str.w	r2, [r3, #132]	; 0x84
87802268:	b155      	cbz	r5, 87802280 <BSP_UART_Init+0xe8>
8780226a:	2d01      	cmp	r5, #1
8780226c:	f000 8085 	beq.w	8780237a <BSP_UART_Init+0x1e2>
87802270:	2d02      	cmp	r5, #2
87802272:	bf04      	itt	eq
87802274:	2680      	moveq	r6, #128	; 0x80
87802276:	f44f 7580 	moveq.w	r5, #256	; 0x100
8780227a:	d001      	beq.n	87802280 <BSP_UART_Init+0xe8>
8780227c:	2600      	movs	r6, #0
8780227e:	4635      	mov	r5, r6
87802280:	f8d3 2084 	ldr.w	r2, [r3, #132]	; 0x84
87802284:	6904      	ldr	r4, [r0, #16]
87802286:	9207      	str	r2, [sp, #28]
87802288:	9907      	ldr	r1, [sp, #28]
8780228a:	f5b4 3fe1 	cmp.w	r4, #115200	; 0x1c200
8780228e:	f421 7180 	bic.w	r1, r1, #256	; 0x100
87802292:	ea41 0105 	orr.w	r1, r1, r5
87802296:	9107      	str	r1, [sp, #28]
87802298:	9a07      	ldr	r2, [sp, #28]
8780229a:	f8c3 2084 	str.w	r2, [r3, #132]	; 0x84
8780229e:	f8d3 2084 	ldr.w	r2, [r3, #132]	; 0x84
878022a2:	9208      	str	r2, [sp, #32]
878022a4:	9a08      	ldr	r2, [sp, #32]
878022a6:	f022 0280 	bic.w	r2, r2, #128	; 0x80
878022aa:	ea42 0206 	orr.w	r2, r2, r6
878022ae:	bf18      	it	ne
878022b0:	2600      	movne	r6, #0
878022b2:	9208      	str	r2, [sp, #32]
878022b4:	bf08      	it	eq
878022b6:	f640 4634 	movweq	r6, #3124	; 0xc34
878022ba:	9a08      	ldr	r2, [sp, #32]
878022bc:	f8c3 2084 	str.w	r2, [r3, #132]	; 0x84
878022c0:	f8d3 2084 	ldr.w	r2, [r3, #132]	; 0x84
878022c4:	9209      	str	r2, [sp, #36]	; 0x24
878022c6:	9a09      	ldr	r2, [sp, #36]	; 0x24
878022c8:	f442 4280 	orr.w	r2, r2, #16384	; 0x4000
878022cc:	9209      	str	r2, [sp, #36]	; 0x24
878022ce:	9a09      	ldr	r2, [sp, #36]	; 0x24
878022d0:	f8c3 2084 	str.w	r2, [r3, #132]	; 0x84
878022d4:	f8d3 2088 	ldr.w	r2, [r3, #136]	; 0x88
878022d8:	920a      	str	r2, [sp, #40]	; 0x28
878022da:	9a0a      	ldr	r2, [sp, #40]	; 0x28
878022dc:	f042 0204 	orr.w	r2, r2, #4
878022e0:	920a      	str	r2, [sp, #40]	; 0x28
878022e2:	9a0a      	ldr	r2, [sp, #40]	; 0x28
878022e4:	f8c3 2088 	str.w	r2, [r3, #136]	; 0x88
878022e8:	f8d3 20b0 	ldr.w	r2, [r3, #176]	; 0xb0
878022ec:	920b      	str	r2, [sp, #44]	; 0x2c
878022ee:	9a0b      	ldr	r2, [sp, #44]	; 0x2c
878022f0:	f002 427f 	and.w	r2, r2, #4278190080	; 0xff000000
878022f4:	f442 329c 	orr.w	r2, r2, #79872	; 0x13800
878022f8:	f042 0280 	orr.w	r2, r2, #128	; 0x80
878022fc:	920b      	str	r2, [sp, #44]	; 0x2c
878022fe:	9a0b      	ldr	r2, [sp, #44]	; 0x2c
87802300:	f8c3 20b0 	str.w	r2, [r3, #176]	; 0xb0
87802304:	bf08      	it	eq
87802306:	2247      	moveq	r2, #71	; 0x47
87802308:	f8d3 10a4 	ldr.w	r1, [r3, #164]	; 0xa4
8780230c:	bf18      	it	ne
8780230e:	4632      	movne	r2, r6
87802310:	6a04      	ldr	r4, [r0, #32]
87802312:	6a45      	ldr	r5, [r0, #36]	; 0x24
87802314:	910c      	str	r1, [sp, #48]	; 0x30
87802316:	980c      	ldr	r0, [sp, #48]	; 0x30
87802318:	00a4      	lsls	r4, r4, #2
8780231a:	006d      	lsls	r5, r5, #1
8780231c:	f004 0404 	and.w	r4, r4, #4
87802320:	0c01      	lsrs	r1, r0, #16
87802322:	f005 0002 	and.w	r0, r5, #2
87802326:	0409      	lsls	r1, r1, #16
87802328:	4311      	orrs	r1, r2
8780232a:	910c      	str	r1, [sp, #48]	; 0x30
8780232c:	9a0c      	ldr	r2, [sp, #48]	; 0x30
8780232e:	f8c3 20a4 	str.w	r2, [r3, #164]	; 0xa4
87802332:	f8d3 20a8 	ldr.w	r2, [r3, #168]	; 0xa8
87802336:	920d      	str	r2, [sp, #52]	; 0x34
87802338:	990d      	ldr	r1, [sp, #52]	; 0x34
8780233a:	0c0a      	lsrs	r2, r1, #16
8780233c:	0412      	lsls	r2, r2, #16
8780233e:	4332      	orrs	r2, r6
87802340:	920d      	str	r2, [sp, #52]	; 0x34
87802342:	9a0d      	ldr	r2, [sp, #52]	; 0x34
87802344:	f8c3 20a8 	str.w	r2, [r3, #168]	; 0xa8
87802348:	f8d3 2084 	ldr.w	r2, [r3, #132]	; 0x84
8780234c:	920e      	str	r2, [sp, #56]	; 0x38
8780234e:	9a0e      	ldr	r2, [sp, #56]	; 0x38
87802350:	f022 0204 	bic.w	r2, r2, #4
87802354:	4322      	orrs	r2, r4
87802356:	920e      	str	r2, [sp, #56]	; 0x38
87802358:	9a0e      	ldr	r2, [sp, #56]	; 0x38
8780235a:	f8c3 2084 	str.w	r2, [r3, #132]	; 0x84
8780235e:	f8d3 2084 	ldr.w	r2, [r3, #132]	; 0x84
87802362:	920f      	str	r2, [sp, #60]	; 0x3c
87802364:	9a0f      	ldr	r2, [sp, #60]	; 0x3c
87802366:	f022 0202 	bic.w	r2, r2, #2
8780236a:	4302      	orrs	r2, r0
8780236c:	920f      	str	r2, [sp, #60]	; 0x3c
8780236e:	9a0f      	ldr	r2, [sp, #60]	; 0x3c
87802370:	f8c3 2084 	str.w	r2, [r3, #132]	; 0x84
87802374:	b010      	add	sp, #64	; 0x40
87802376:	bcf0      	pop	{r4, r5, r6, r7}
87802378:	4770      	bx	lr
8780237a:	2600      	movs	r6, #0
8780237c:	f44f 7580 	mov.w	r5, #256	; 0x100
87802380:	e77e      	b.n	87802280 <BSP_UART_Init+0xe8>
87802382:	bf00      	nop

87802384 <BSP_UART_IT_Init>:
87802384:	e92d 41f0 	stmdb	sp!, {r4, r5, r6, r7, r8, lr}
87802388:	4604      	mov	r4, r0
8780238a:	4a59      	ldr	r2, [pc, #356]	; (878024f0 <BSP_UART_IT_Init+0x16c>)
8780238c:	b08a      	sub	sp, #40	; 0x28
8780238e:	2300      	movs	r3, #0
87802390:	6800      	ldr	r0, [r0, #0]
87802392:	f852 1f04 	ldr.w	r1, [r2, #4]!
87802396:	4281      	cmp	r1, r0
87802398:	d003      	beq.n	878023a2 <BSP_UART_IT_Init+0x1e>
8780239a:	3301      	adds	r3, #1
8780239c:	2b09      	cmp	r3, #9
8780239e:	d1f8      	bne.n	87802392 <BSP_UART_IT_Init+0xe>
878023a0:	2300      	movs	r3, #0
878023a2:	f642 6218 	movw	r2, #11800	; 0x2e18
878023a6:	f2c8 7280 	movt	r2, #34688	; 0x8780
878023aa:	eb02 0383 	add.w	r3, r2, r3, lsl #2
878023ae:	6a58      	ldr	r0, [r3, #36]	; 0x24
878023b0:	ee9f 3f10 	mrc	15, 4, r3, cr15, cr0, {0}
878023b4:	0c1b      	lsrs	r3, r3, #16
878023b6:	f000 061f 	and.w	r6, r0, #31
878023ba:	0942      	lsrs	r2, r0, #5
878023bc:	2501      	movs	r5, #1
878023be:	041b      	lsls	r3, r3, #16
878023c0:	40b5      	lsls	r5, r6
878023c2:	6ce1      	ldr	r1, [r4, #76]	; 0x4c
878023c4:	f502 6288 	add.w	r2, r2, #1088	; 0x440
878023c8:	f843 5022 	str.w	r5, [r3, r2, lsl #2]
878023cc:	2200      	movs	r2, #0
878023ce:	f7ff fe11 	bl	87801ff4 <system_register_irqhandler>
878023d2:	6823      	ldr	r3, [r4, #0]
878023d4:	6aa1      	ldr	r1, [r4, #40]	; 0x28
878023d6:	6ae2      	ldr	r2, [r4, #44]	; 0x2c
878023d8:	f8d3 5080 	ldr.w	r5, [r3, #128]	; 0x80
878023dc:	6b20      	ldr	r0, [r4, #48]	; 0x30
878023de:	ea4f 2e41 	mov.w	lr, r1, lsl #9
878023e2:	6b67      	ldr	r7, [r4, #52]	; 0x34
878023e4:	9501      	str	r5, [sp, #4]
878023e6:	0312      	lsls	r2, r2, #12
878023e8:	9901      	ldr	r1, [sp, #4]
878023ea:	f40e 7e00 	and.w	lr, lr, #512	; 0x200
878023ee:	f402 5880 	and.w	r8, r2, #4096	; 0x1000
878023f2:	6c22      	ldr	r2, [r4, #64]	; 0x40
878023f4:	6ba6      	ldr	r6, [r4, #56]	; 0x38
878023f6:	f000 0c01 	and.w	ip, r0, #1
878023fa:	f421 7100 	bic.w	r1, r1, #512	; 0x200
878023fe:	6be5      	ldr	r5, [r4, #60]	; 0x3c
87802400:	ea4e 0101 	orr.w	r1, lr, r1
87802404:	6c60      	ldr	r0, [r4, #68]	; 0x44
87802406:	9101      	str	r1, [sp, #4]
87802408:	01bf      	lsls	r7, r7, #6
8780240a:	f8dd e004 	ldr.w	lr, [sp, #4]
8780240e:	02b6      	lsls	r6, r6, #10
87802410:	6ca1      	ldr	r1, [r4, #72]	; 0x48
87802412:	0354      	lsls	r4, r2, #13
87802414:	f007 0740 	and.w	r7, r7, #64	; 0x40
87802418:	01ad      	lsls	r5, r5, #6
8780241a:	f8c3 e080 	str.w	lr, [r3, #128]	; 0x80
8780241e:	f406 6640 	and.w	r6, r6, #3072	; 0xc00
87802422:	f8d3 2080 	ldr.w	r2, [r3, #128]	; 0x80
87802426:	f005 0540 	and.w	r5, r5, #64	; 0x40
8780242a:	f404 5400 	and.w	r4, r4, #8192	; 0x2000
8780242e:	00c0      	lsls	r0, r0, #3
87802430:	0049      	lsls	r1, r1, #1
87802432:	9202      	str	r2, [sp, #8]
87802434:	f000 0008 	and.w	r0, r0, #8
87802438:	9a02      	ldr	r2, [sp, #8]
8780243a:	f001 0102 	and.w	r1, r1, #2
8780243e:	f422 5e80 	bic.w	lr, r2, #4096	; 0x1000
87802442:	ea48 020e 	orr.w	r2, r8, lr
87802446:	9202      	str	r2, [sp, #8]
87802448:	9a02      	ldr	r2, [sp, #8]
8780244a:	f8c3 2080 	str.w	r2, [r3, #128]	; 0x80
8780244e:	f8d3 208c 	ldr.w	r2, [r3, #140]	; 0x8c
87802452:	9203      	str	r2, [sp, #12]
87802454:	9a03      	ldr	r2, [sp, #12]
87802456:	f022 0201 	bic.w	r2, r2, #1
8780245a:	ea4c 0202 	orr.w	r2, ip, r2
8780245e:	9203      	str	r2, [sp, #12]
87802460:	9a03      	ldr	r2, [sp, #12]
87802462:	f8c3 208c 	str.w	r2, [r3, #140]	; 0x8c
87802466:	f8d3 2088 	ldr.w	r2, [r3, #136]	; 0x88
8780246a:	9204      	str	r2, [sp, #16]
8780246c:	9a04      	ldr	r2, [sp, #16]
8780246e:	f022 0240 	bic.w	r2, r2, #64	; 0x40
87802472:	433a      	orrs	r2, r7
87802474:	9204      	str	r2, [sp, #16]
87802476:	9a04      	ldr	r2, [sp, #16]
87802478:	f8c3 2088 	str.w	r2, [r3, #136]	; 0x88
8780247c:	f8d3 2080 	ldr.w	r2, [r3, #128]	; 0x80
87802480:	9205      	str	r2, [sp, #20]
87802482:	9a05      	ldr	r2, [sp, #20]
87802484:	f422 6240 	bic.w	r2, r2, #3072	; 0xc00
87802488:	4332      	orrs	r2, r6
8780248a:	9205      	str	r2, [sp, #20]
8780248c:	9a05      	ldr	r2, [sp, #20]
8780248e:	f8c3 2080 	str.w	r2, [r3, #128]	; 0x80
87802492:	f8d3 2080 	ldr.w	r2, [r3, #128]	; 0x80
87802496:	9206      	str	r2, [sp, #24]
87802498:	9a06      	ldr	r2, [sp, #24]
8780249a:	f022 0240 	bic.w	r2, r2, #64	; 0x40
8780249e:	432a      	orrs	r2, r5
878024a0:	9206      	str	r2, [sp, #24]
878024a2:	9a06      	ldr	r2, [sp, #24]
878024a4:	f8c3 2080 	str.w	r2, [r3, #128]	; 0x80
878024a8:	f8d3 2080 	ldr.w	r2, [r3, #128]	; 0x80
878024ac:	9207      	str	r2, [sp, #28]
878024ae:	9a07      	ldr	r2, [sp, #28]
878024b0:	f422 5200 	bic.w	r2, r2, #8192	; 0x2000
878024b4:	4322      	orrs	r2, r4
878024b6:	9207      	str	r2, [sp, #28]
878024b8:	9a07      	ldr	r2, [sp, #28]
878024ba:	f8c3 2080 	str.w	r2, [r3, #128]	; 0x80
878024be:	f8d3 208c 	ldr.w	r2, [r3, #140]	; 0x8c
878024c2:	9208      	str	r2, [sp, #32]
878024c4:	9a08      	ldr	r2, [sp, #32]
878024c6:	f022 0208 	bic.w	r2, r2, #8
878024ca:	4302      	orrs	r2, r0
878024cc:	9208      	str	r2, [sp, #32]
878024ce:	9a08      	ldr	r2, [sp, #32]
878024d0:	f8c3 208c 	str.w	r2, [r3, #140]	; 0x8c
878024d4:	f8d3 208c 	ldr.w	r2, [r3, #140]	; 0x8c
878024d8:	9209      	str	r2, [sp, #36]	; 0x24
878024da:	9a09      	ldr	r2, [sp, #36]	; 0x24
878024dc:	f022 0202 	bic.w	r2, r2, #2
878024e0:	430a      	orrs	r2, r1
878024e2:	9209      	str	r2, [sp, #36]	; 0x24
878024e4:	9a09      	ldr	r2, [sp, #36]	; 0x24
878024e6:	f8c3 208c 	str.w	r2, [r3, #140]	; 0x8c
878024ea:	b00a      	add	sp, #40	; 0x28
878024ec:	e8bd 81f0 	ldmia.w	sp!, {r4, r5, r6, r7, r8, pc}
878024f0:	87802e14 	usada8hi	r0, r4, lr, r2

878024f4 <UART_Init>:
878024f4:	f642 6318 	movw	r3, #11800	; 0x2e18
878024f8:	b5f0      	push	{r4, r5, r6, r7, lr}
878024fa:	f2c8 7380 	movt	r3, #34688	; 0x8780
878024fe:	2684      	movs	r6, #132	; 0x84
87802500:	2288      	movs	r2, #136	; 0x88
87802502:	2500      	movs	r5, #0
87802504:	685f      	ldr	r7, [r3, #4]
87802506:	f2c0 260e 	movt	r6, #526	; 0x20e
8780250a:	f2c0 220e 	movt	r2, #526	; 0x20e
8780250e:	f240 6024 	movw	r0, #1572	; 0x624
87802512:	f44f 7144 	mov.w	r1, #784	; 0x310
87802516:	f44f 7345 	mov.w	r3, #788	; 0x314
8780251a:	f643 34d4 	movw	r4, #15316	; 0x3bd4
8780251e:	6035      	str	r5, [r6, #0]
87802520:	f2c8 7480 	movt	r4, #34688	; 0x8780
87802524:	6015      	str	r5, [r2, #0]
87802526:	f2c0 200e 	movt	r0, #526	; 0x20e
8780252a:	f241 02b0 	movw	r2, #4272	; 0x10b0
8780252e:	f2c0 210e 	movt	r1, #526	; 0x20e
87802532:	f2c0 230e 	movt	r3, #526	; 0x20e
87802536:	2603      	movs	r6, #3
87802538:	b083      	sub	sp, #12
8780253a:	6006      	str	r6, [r0, #0]
8780253c:	4620      	mov	r0, r4
8780253e:	600a      	str	r2, [r1, #0]
87802540:	2605      	movs	r6, #5
87802542:	601a      	str	r2, [r3, #0]
87802544:	f44f 31e1 	mov.w	r1, #115200	; 0x1c200
87802548:	2301      	movs	r3, #1
8780254a:	6121      	str	r1, [r4, #16]
8780254c:	6163      	str	r3, [r4, #20]
8780254e:	6223      	str	r3, [r4, #32]
87802550:	6263      	str	r3, [r4, #36]	; 0x24
87802552:	6027      	str	r7, [r4, #0]
87802554:	6065      	str	r5, [r4, #4]
87802556:	60e5      	str	r5, [r4, #12]
87802558:	61a5      	str	r5, [r4, #24]
8780255a:	61e5      	str	r5, [r4, #28]
8780255c:	60a6      	str	r6, [r4, #8]
8780255e:	f7ff fe1b 	bl	87802198 <BSP_UART_Init>
87802562:	f242 1385 	movw	r3, #8581	; 0x2185
87802566:	4620      	mov	r0, r4
87802568:	f2c8 7380 	movt	r3, #34688	; 0x8780
8780256c:	62a5      	str	r5, [r4, #40]	; 0x28
8780256e:	64e3      	str	r3, [r4, #76]	; 0x4c
87802570:	62e5      	str	r5, [r4, #44]	; 0x2c
87802572:	6325      	str	r5, [r4, #48]	; 0x30
87802574:	6365      	str	r5, [r4, #52]	; 0x34
87802576:	63a5      	str	r5, [r4, #56]	; 0x38
87802578:	63e5      	str	r5, [r4, #60]	; 0x3c
8780257a:	6425      	str	r5, [r4, #64]	; 0x40
8780257c:	6465      	str	r5, [r4, #68]	; 0x44
8780257e:	64a5      	str	r5, [r4, #72]	; 0x48
87802580:	f7ff ff00 	bl	87802384 <BSP_UART_IT_Init>
87802584:	6822      	ldr	r2, [r4, #0]
87802586:	f8d2 3080 	ldr.w	r3, [r2, #128]	; 0x80
8780258a:	9301      	str	r3, [sp, #4]
8780258c:	9b01      	ldr	r3, [sp, #4]
8780258e:	f043 0301 	orr.w	r3, r3, #1
87802592:	9301      	str	r3, [sp, #4]
87802594:	9b01      	ldr	r3, [sp, #4]
87802596:	f8c2 3080 	str.w	r3, [r2, #128]	; 0x80
8780259a:	b003      	add	sp, #12
8780259c:	bdf0      	pop	{r4, r5, r6, r7, pc}
8780259e:	bf00      	nop

878025a0 <BSP_UART_Enable>:
878025a0:	6802      	ldr	r2, [r0, #0]
878025a2:	b082      	sub	sp, #8
878025a4:	f8d2 3080 	ldr.w	r3, [r2, #128]	; 0x80
878025a8:	9301      	str	r3, [sp, #4]
878025aa:	9b01      	ldr	r3, [sp, #4]
878025ac:	f043 0301 	orr.w	r3, r3, #1
878025b0:	9301      	str	r3, [sp, #4]
878025b2:	9b01      	ldr	r3, [sp, #4]
878025b4:	f8c2 3080 	str.w	r3, [r2, #128]	; 0x80
878025b8:	b002      	add	sp, #8
878025ba:	4770      	bx	lr

878025bc <BSP_UART_Disable>:
878025bc:	6802      	ldr	r2, [r0, #0]
878025be:	b082      	sub	sp, #8
878025c0:	f8d2 3080 	ldr.w	r3, [r2, #128]	; 0x80
878025c4:	9301      	str	r3, [sp, #4]
878025c6:	9b01      	ldr	r3, [sp, #4]
878025c8:	f023 0301 	bic.w	r3, r3, #1
878025cc:	9301      	str	r3, [sp, #4]
878025ce:	9b01      	ldr	r3, [sp, #4]
878025d0:	f8c2 3080 	str.w	r3, [r2, #128]	; 0x80
878025d4:	b002      	add	sp, #8
878025d6:	4770      	bx	lr

878025d8 <BSP_UART_Transmit>:
878025d8:	4770      	bx	lr
878025da:	bf00      	nop

878025dc <BSP_UART_Receive>:
878025dc:	4770      	bx	lr
878025de:	bf00      	nop

878025e0 <BSP_UART_Transmit_IT>:
878025e0:	4770      	bx	lr
878025e2:	bf00      	nop

878025e4 <BSP_UART_Receive_IT>:
878025e4:	4770      	bx	lr
878025e6:	bf00      	nop

878025e8 <BSP_UART_Transmit_DMA>:
878025e8:	4770      	bx	lr
878025ea:	bf00      	nop

878025ec <BSP_UART_Receive_DMA>:
878025ec:	4770      	bx	lr
878025ee:	bf00      	nop

878025f0 <BSP_UART_Get_Flag>:
878025f0:	4770      	bx	lr
878025f2:	bf00      	nop

878025f4 <BSP_UART_Clear_Flag>:
878025f4:	4770      	bx	lr
878025f6:	bf00      	nop

878025f8 <BSP_UART_IRQ_Handler>:
878025f8:	4770      	bx	lr
878025fa:	bf00      	nop

878025fc <putc>:
878025fc:	2100      	movs	r1, #0
878025fe:	f2c0 2102 	movt	r1, #514	; 0x202
87802602:	f8d1 2098 	ldr.w	r2, [r1, #152]	; 0x98
87802606:	2300      	movs	r3, #0
87802608:	f2c0 2302 	movt	r3, #514	; 0x202
8780260c:	0712      	lsls	r2, r2, #28
8780260e:	d5f8      	bpl.n	87802602 <putc+0x6>
87802610:	6418      	str	r0, [r3, #64]	; 0x40
87802612:	4770      	bx	lr

87802614 <puts>:
87802614:	7801      	ldrb	r1, [r0, #0]
87802616:	b189      	cbz	r1, 8780263c <puts+0x28>
87802618:	2200      	movs	r2, #0
8780261a:	b410      	push	{r4}
8780261c:	f2c0 2202 	movt	r2, #514	; 0x202
87802620:	4614      	mov	r4, r2
87802622:	f8d2 3098 	ldr.w	r3, [r2, #152]	; 0x98
87802626:	071b      	lsls	r3, r3, #28
87802628:	d5fb      	bpl.n	87802622 <puts+0xe>
8780262a:	6421      	str	r1, [r4, #64]	; 0x40
8780262c:	f810 1f01 	ldrb.w	r1, [r0, #1]!
87802630:	2900      	cmp	r1, #0
87802632:	d1f6      	bne.n	87802622 <puts+0xe>
87802634:	2000      	movs	r0, #0
87802636:	f85d 4b04 	ldr.w	r4, [sp], #4
8780263a:	4770      	bx	lr
8780263c:	2000      	movs	r0, #0
8780263e:	4770      	bx	lr

87802640 <getc>:
87802640:	2100      	movs	r1, #0
87802642:	f2c0 2102 	movt	r1, #514	; 0x202
87802646:	f8d1 2098 	ldr.w	r2, [r1, #152]	; 0x98
8780264a:	2300      	movs	r3, #0
8780264c:	f2c0 2302 	movt	r3, #514	; 0x202
87802650:	07d2      	lsls	r2, r2, #31
87802652:	d5f8      	bpl.n	87802646 <getc+0x6>
87802654:	6818      	ldr	r0, [r3, #0]
87802656:	b2c0      	uxtb	r0, r0
87802658:	4770      	bx	lr
8780265a:	bf00      	nop

8780265c <raise>:
8780265c:	e7fe      	b.n	8780265c <raise>
8780265e:	bf00      	nop

87802660 <eLCDIF_Init>:
87802660:	f44f 7082 	mov.w	r0, #260	; 0x104
87802664:	2300      	movs	r3, #0
87802666:	f2c0 200e 	movt	r0, #526	; 0x20e
8780266a:	f44f 7188 	mov.w	r1, #272	; 0x110
8780266e:	b4f0      	push	{r4, r5, r6, r7}
87802670:	f2c0 210e 	movt	r1, #526	; 0x20e
87802674:	6003      	str	r3, [r0, #0]
87802676:	f44f 7786 	mov.w	r7, #268	; 0x10c
8780267a:	f240 52dc 	movw	r2, #1500	; 0x5dc
8780267e:	f44f 7684 	mov.w	r6, #264	; 0x108
87802682:	f44f 758c 	mov.w	r5, #280	; 0x118
87802686:	f44f 748e 	mov.w	r4, #284	; 0x11c
8780268a:	f44f 7090 	mov.w	r0, #288	; 0x120
8780268e:	600b      	str	r3, [r1, #0]
87802690:	f2c0 270e 	movt	r7, #526	; 0x20e
87802694:	f2c0 220e 	movt	r2, #526	; 0x20e
87802698:	f2c0 260e 	movt	r6, #526	; 0x20e
8780269c:	f2c0 250e 	movt	r5, #526	; 0x20e
878026a0:	f2c0 240e 	movt	r4, #526	; 0x20e
878026a4:	f2c0 200e 	movt	r0, #526	; 0x20e
878026a8:	f44f 7192 	mov.w	r1, #292	; 0x124
878026ac:	603b      	str	r3, [r7, #0]
878026ae:	f2c0 210e 	movt	r1, #526	; 0x20e
878026b2:	6013      	str	r3, [r2, #0]
878026b4:	f44f 7794 	mov.w	r7, #296	; 0x128
878026b8:	6033      	str	r3, [r6, #0]
878026ba:	f44f 7296 	mov.w	r2, #300	; 0x12c
878026be:	602b      	str	r3, [r5, #0]
878026c0:	f44f 7698 	mov.w	r6, #304	; 0x130
878026c4:	6023      	str	r3, [r4, #0]
878026c6:	f44f 759a 	mov.w	r5, #308	; 0x134
878026ca:	6003      	str	r3, [r0, #0]
878026cc:	f44f 749c 	mov.w	r4, #312	; 0x138
878026d0:	f44f 709e 	mov.w	r0, #316	; 0x13c
878026d4:	600b      	str	r3, [r1, #0]
878026d6:	f2c0 270e 	movt	r7, #526	; 0x20e
878026da:	f2c0 220e 	movt	r2, #526	; 0x20e
878026de:	f2c0 260e 	movt	r6, #526	; 0x20e
878026e2:	f2c0 250e 	movt	r5, #526	; 0x20e
878026e6:	f2c0 240e 	movt	r4, #526	; 0x20e
878026ea:	f2c0 200e 	movt	r0, #526	; 0x20e
878026ee:	f44f 71a0 	mov.w	r1, #320	; 0x140
878026f2:	603b      	str	r3, [r7, #0]
878026f4:	f2c0 210e 	movt	r1, #526	; 0x20e
878026f8:	6013      	str	r3, [r2, #0]
878026fa:	f44f 77a2 	mov.w	r7, #324	; 0x144
878026fe:	6033      	str	r3, [r6, #0]
87802700:	f44f 72a4 	mov.w	r2, #328	; 0x148
87802704:	602b      	str	r3, [r5, #0]
87802706:	f44f 76a6 	mov.w	r6, #332	; 0x14c
8780270a:	6023      	str	r3, [r4, #0]
8780270c:	f44f 75a8 	mov.w	r5, #336	; 0x150
87802710:	6003      	str	r3, [r0, #0]
87802712:	f44f 74aa 	mov.w	r4, #340	; 0x154
87802716:	f44f 70ac 	mov.w	r0, #344	; 0x158
8780271a:	600b      	str	r3, [r1, #0]
8780271c:	f2c0 270e 	movt	r7, #526	; 0x20e
87802720:	f2c0 220e 	movt	r2, #526	; 0x20e
87802724:	f2c0 260e 	movt	r6, #526	; 0x20e
87802728:	f2c0 250e 	movt	r5, #526	; 0x20e
8780272c:	f2c0 240e 	movt	r4, #526	; 0x20e
87802730:	f2c0 200e 	movt	r0, #526	; 0x20e
87802734:	f44f 71ae 	mov.w	r1, #348	; 0x15c
87802738:	603b      	str	r3, [r7, #0]
8780273a:	f2c0 210e 	movt	r1, #526	; 0x20e
8780273e:	6013      	str	r3, [r2, #0]
87802740:	f44f 77b0 	mov.w	r7, #352	; 0x160
87802744:	6033      	str	r3, [r6, #0]
87802746:	f44f 72b2 	mov.w	r2, #356	; 0x164
8780274a:	602b      	str	r3, [r5, #0]
8780274c:	f44f 76b4 	mov.w	r6, #360	; 0x168
87802750:	6023      	str	r3, [r4, #0]
87802752:	f44f 75b6 	mov.w	r5, #364	; 0x16c
87802756:	6003      	str	r3, [r0, #0]
87802758:	f44f 74b8 	mov.w	r4, #368	; 0x170
8780275c:	f44f 70ba 	mov.w	r0, #372	; 0x174
87802760:	600b      	str	r3, [r1, #0]
87802762:	f2c0 270e 	movt	r7, #526	; 0x20e
87802766:	f2c0 220e 	movt	r2, #526	; 0x20e
8780276a:	f2c0 260e 	movt	r6, #526	; 0x20e
8780276e:	f2c0 250e 	movt	r5, #526	; 0x20e
87802772:	f2c0 240e 	movt	r4, #526	; 0x20e
87802776:	f2c0 200e 	movt	r0, #526	; 0x20e
8780277a:	f44f 7164 	mov.w	r1, #912	; 0x390
8780277e:	603b      	str	r3, [r7, #0]
87802780:	f2c0 210e 	movt	r1, #526	; 0x20e
87802784:	6013      	str	r3, [r2, #0]
87802786:	f44f 7767 	mov.w	r7, #924	; 0x39c
8780278a:	6033      	str	r3, [r6, #0]
8780278c:	f44f 7266 	mov.w	r2, #920	; 0x398
87802790:	602b      	str	r3, [r5, #0]
87802792:	f44f 7665 	mov.w	r6, #916	; 0x394
87802796:	6023      	str	r3, [r4, #0]
87802798:	f44f 7569 	mov.w	r5, #932	; 0x3a4
8780279c:	6003      	str	r3, [r0, #0]
8780279e:	23b0      	movs	r3, #176	; 0xb0
878027a0:	600b      	str	r3, [r1, #0]
878027a2:	f44f 746a 	mov.w	r4, #936	; 0x3a8
878027a6:	f44f 706b 	mov.w	r0, #940	; 0x3ac
878027aa:	f44f 716c 	mov.w	r1, #944	; 0x3b0
878027ae:	f2c0 270e 	movt	r7, #526	; 0x20e
878027b2:	f2c0 220e 	movt	r2, #526	; 0x20e
878027b6:	f2c0 260e 	movt	r6, #526	; 0x20e
878027ba:	f2c0 250e 	movt	r5, #526	; 0x20e
878027be:	f2c0 240e 	movt	r4, #526	; 0x20e
878027c2:	f2c0 200e 	movt	r0, #526	; 0x20e
878027c6:	f2c0 210e 	movt	r1, #526	; 0x20e
878027ca:	603b      	str	r3, [r7, #0]
878027cc:	6013      	str	r3, [r2, #0]
878027ce:	f44f 776d 	mov.w	r7, #948	; 0x3b4
878027d2:	6033      	str	r3, [r6, #0]
878027d4:	f44f 726e 	mov.w	r2, #952	; 0x3b8
878027d8:	602b      	str	r3, [r5, #0]
878027da:	f44f 766f 	mov.w	r6, #956	; 0x3bc
878027de:	6023      	str	r3, [r4, #0]
878027e0:	f44f 7570 	mov.w	r5, #960	; 0x3c0
878027e4:	6003      	str	r3, [r0, #0]
878027e6:	f44f 7471 	mov.w	r4, #964	; 0x3c4
878027ea:	600b      	str	r3, [r1, #0]
878027ec:	f44f 7072 	mov.w	r0, #968	; 0x3c8
878027f0:	f44f 7173 	mov.w	r1, #972	; 0x3cc
878027f4:	f2c0 270e 	movt	r7, #526	; 0x20e
878027f8:	f2c0 220e 	movt	r2, #526	; 0x20e
878027fc:	f2c0 260e 	movt	r6, #526	; 0x20e
87802800:	f2c0 250e 	movt	r5, #526	; 0x20e
87802804:	f2c0 240e 	movt	r4, #526	; 0x20e
87802808:	f2c0 200e 	movt	r0, #526	; 0x20e
8780280c:	f2c0 210e 	movt	r1, #526	; 0x20e
87802810:	603b      	str	r3, [r7, #0]
87802812:	f44f 7774 	mov.w	r7, #976	; 0x3d0
87802816:	6013      	str	r3, [r2, #0]
87802818:	f44f 7275 	mov.w	r2, #980	; 0x3d4
8780281c:	6033      	str	r3, [r6, #0]
8780281e:	f44f 7676 	mov.w	r6, #984	; 0x3d8
87802822:	602b      	str	r3, [r5, #0]
87802824:	f44f 7577 	mov.w	r5, #988	; 0x3dc
87802828:	6023      	str	r3, [r4, #0]
8780282a:	f44f 7478 	mov.w	r4, #992	; 0x3e0
8780282e:	6003      	str	r3, [r0, #0]
87802830:	f44f 7079 	mov.w	r0, #996	; 0x3e4
87802834:	600b      	str	r3, [r1, #0]
87802836:	f44f 717a 	mov.w	r1, #1000	; 0x3e8
8780283a:	f2c0 270e 	movt	r7, #526	; 0x20e
8780283e:	f2c0 220e 	movt	r2, #526	; 0x20e
87802842:	f2c0 260e 	movt	r6, #526	; 0x20e
87802846:	f2c0 250e 	movt	r5, #526	; 0x20e
8780284a:	f2c0 240e 	movt	r4, #526	; 0x20e
8780284e:	f2c0 200e 	movt	r0, #526	; 0x20e
87802852:	f2c0 210e 	movt	r1, #526	; 0x20e
87802856:	603b      	str	r3, [r7, #0]
87802858:	6013      	str	r3, [r2, #0]
8780285a:	f44f 777b 	mov.w	r7, #1004	; 0x3ec
8780285e:	6033      	str	r3, [r6, #0]
87802860:	f44f 727c 	mov.w	r2, #1008	; 0x3f0
87802864:	602b      	str	r3, [r5, #0]
87802866:	f44f 767d 	mov.w	r6, #1012	; 0x3f4
8780286a:	6023      	str	r3, [r4, #0]
8780286c:	f44f 757e 	mov.w	r5, #1016	; 0x3f8
87802870:	6003      	str	r3, [r0, #0]
87802872:	f44f 747f 	mov.w	r4, #1020	; 0x3fc
87802876:	600b      	str	r3, [r1, #0]
87802878:	f44f 6080 	mov.w	r0, #1024	; 0x400
8780287c:	f44f 4180 	mov.w	r1, #16384	; 0x4000
87802880:	f2c0 270e 	movt	r7, #526	; 0x20e
87802884:	f2c0 210c 	movt	r1, #524	; 0x20c
87802888:	f2c0 220e 	movt	r2, #526	; 0x20e
8780288c:	f2c0 260e 	movt	r6, #526	; 0x20e
87802890:	f2c0 250e 	movt	r5, #526	; 0x20e
87802894:	f2c0 240e 	movt	r4, #526	; 0x20e
87802898:	f2c0 200e 	movt	r0, #526	; 0x20e
8780289c:	603b      	str	r3, [r7, #0]
8780289e:	b08c      	sub	sp, #48	; 0x30
878028a0:	6013      	str	r3, [r2, #0]
878028a2:	f44f 4200 	mov.w	r2, #32768	; 0x8000
878028a6:	6033      	str	r3, [r6, #0]
878028a8:	f2c0 220c 	movt	r2, #524	; 0x20c
878028ac:	602b      	str	r3, [r5, #0]
878028ae:	6023      	str	r3, [r4, #0]
878028b0:	6003      	str	r3, [r0, #0]
878028b2:	6b8b      	ldr	r3, [r1, #56]	; 0x38
878028b4:	9300      	str	r3, [sp, #0]
878028b6:	9b00      	ldr	r3, [sp, #0]
878028b8:	f423 3360 	bic.w	r3, r3, #229376	; 0x38000
878028bc:	f443 3380 	orr.w	r3, r3, #65536	; 0x10000
878028c0:	9300      	str	r3, [sp, #0]
878028c2:	9b00      	ldr	r3, [sp, #0]
878028c4:	638b      	str	r3, [r1, #56]	; 0x38
878028c6:	6b8b      	ldr	r3, [r1, #56]	; 0x38
878028c8:	9301      	str	r3, [sp, #4]
878028ca:	9b01      	ldr	r3, [sp, #4]
878028cc:	f423 43e0 	bic.w	r3, r3, #28672	; 0x7000
878028d0:	f443 5300 	orr.w	r3, r3, #8192	; 0x2000
878028d4:	9301      	str	r3, [sp, #4]
878028d6:	9b01      	ldr	r3, [sp, #4]
878028d8:	638b      	str	r3, [r1, #56]	; 0x38
878028da:	698b      	ldr	r3, [r1, #24]
878028dc:	9302      	str	r3, [sp, #8]
878028de:	9b02      	ldr	r3, [sp, #8]
878028e0:	f023 7360 	bic.w	r3, r3, #58720256	; 0x3800000
878028e4:	f043 7300 	orr.w	r3, r3, #33554432	; 0x2000000
878028e8:	9302      	str	r3, [sp, #8]
878028ea:	9b02      	ldr	r3, [sp, #8]
878028ec:	618b      	str	r3, [r1, #24]
878028ee:	6b8b      	ldr	r3, [r1, #56]	; 0x38
878028f0:	9303      	str	r3, [sp, #12]
878028f2:	9b03      	ldr	r3, [sp, #12]
878028f4:	f423 6360 	bic.w	r3, r3, #3584	; 0xe00
878028f8:	9303      	str	r3, [sp, #12]
878028fa:	9b03      	ldr	r3, [sp, #12]
878028fc:	638b      	str	r3, [r1, #56]	; 0x38
878028fe:	f8d2 30a0 	ldr.w	r3, [r2, #160]	; 0xa0
87802902:	9304      	str	r3, [sp, #16]
87802904:	9b04      	ldr	r3, [sp, #16]
87802906:	f423 13c0 	bic.w	r3, r3, #1572864	; 0x180000
8780290a:	f443 1380 	orr.w	r3, r3, #1048576	; 0x100000
8780290e:	9304      	str	r3, [sp, #16]
87802910:	9b04      	ldr	r3, [sp, #16]
87802912:	f8c2 30a0 	str.w	r3, [r2, #160]	; 0xa0
87802916:	f8d2 30a0 	ldr.w	r3, [r2, #160]	; 0xa0
8780291a:	9305      	str	r3, [sp, #20]
8780291c:	9b05      	ldr	r3, [sp, #20]
8780291e:	f423 4340 	bic.w	r3, r3, #49152	; 0xc000
87802922:	9305      	str	r3, [sp, #20]
87802924:	9b05      	ldr	r3, [sp, #20]
87802926:	f8c2 30a0 	str.w	r3, [r2, #160]	; 0xa0
8780292a:	f8d2 30a0 	ldr.w	r3, [r2, #160]	; 0xa0
8780292e:	9306      	str	r3, [sp, #24]
87802930:	9b06      	ldr	r3, [sp, #24]
87802932:	f443 5300 	orr.w	r3, r3, #8192	; 0x2000
87802936:	9306      	str	r3, [sp, #24]
87802938:	9b06      	ldr	r3, [sp, #24]
8780293a:	f8c2 30a0 	str.w	r3, [r2, #160]	; 0xa0
8780293e:	f8d2 30a0 	ldr.w	r3, [r2, #160]	; 0xa0
87802942:	9307      	str	r3, [sp, #28]
87802944:	9b07      	ldr	r3, [sp, #28]
87802946:	f423 5380 	bic.w	r3, r3, #4096	; 0x1000
8780294a:	9307      	str	r3, [sp, #28]
8780294c:	9b07      	ldr	r3, [sp, #28]
8780294e:	f8c2 30a0 	str.w	r3, [r2, #160]	; 0xa0
87802952:	f8d2 30a0 	ldr.w	r3, [r2, #160]	; 0xa0
87802956:	9308      	str	r3, [sp, #32]
87802958:	9b08      	ldr	r3, [sp, #32]
8780295a:	f023 037f 	bic.w	r3, r3, #127	; 0x7f
8780295e:	f043 0320 	orr.w	r3, r3, #32
87802962:	9308      	str	r3, [sp, #32]
87802964:	9b08      	ldr	r3, [sp, #32]
87802966:	f8c2 30a0 	str.w	r3, [r2, #160]	; 0xa0
8780296a:	f8d2 3170 	ldr.w	r3, [r2, #368]	; 0x170
8780296e:	9309      	str	r3, [sp, #36]	; 0x24
87802970:	9b09      	ldr	r3, [sp, #36]	; 0x24
87802972:	f023 4340 	bic.w	r3, r3, #3221225472	; 0xc0000000
87802976:	9309      	str	r3, [sp, #36]	; 0x24
87802978:	9b09      	ldr	r3, [sp, #36]	; 0x24
8780297a:	f8c2 3170 	str.w	r3, [r2, #368]	; 0x170
8780297e:	f8d2 30b0 	ldr.w	r3, [r2, #176]	; 0xb0
87802982:	930a      	str	r3, [sp, #40]	; 0x28
87802984:	9b0a      	ldr	r3, [sp, #40]	; 0x28
87802986:	f003 4340 	and.w	r3, r3, #3221225472	; 0xc0000000
8780298a:	930a      	str	r3, [sp, #40]	; 0x28
8780298c:	9b0a      	ldr	r3, [sp, #40]	; 0x28
8780298e:	f8c2 30b0 	str.w	r3, [r2, #176]	; 0xb0
87802992:	f8d2 30c0 	ldr.w	r3, [r2, #192]	; 0xc0
87802996:	930b      	str	r3, [sp, #44]	; 0x2c
87802998:	9b0b      	ldr	r3, [sp, #44]	; 0x2c
8780299a:	f003 4340 	and.w	r3, r3, #3221225472	; 0xc0000000
8780299e:	f043 0301 	orr.w	r3, r3, #1
878029a2:	930b      	str	r3, [sp, #44]	; 0x2c
878029a4:	9b0b      	ldr	r3, [sp, #44]	; 0x2c
878029a6:	f8c2 30c0 	str.w	r3, [r2, #192]	; 0xc0
878029aa:	b00c      	add	sp, #48	; 0x30
878029ac:	bcf0      	pop	{r4, r5, r6, r7}
878029ae:	4770      	bx	lr

878029b0 <BSP_eLCDIF_Init>:
878029b0:	4770      	bx	lr
878029b2:	bf00      	nop
878029b4:	0000      	movs	r0, r0
	...

878029b8 <__aeabi_uidiv>:
878029b8:	1e4a      	subs	r2, r1, #1
878029ba:	bf08      	it	eq
878029bc:	4770      	bxeq	lr
878029be:	f0c0 8124 	bcc.w	87802c0a <__aeabi_uidiv+0x252>
878029c2:	4288      	cmp	r0, r1
878029c4:	f240 8116 	bls.w	87802bf4 <__aeabi_uidiv+0x23c>
878029c8:	4211      	tst	r1, r2
878029ca:	f000 8117 	beq.w	87802bfc <__aeabi_uidiv+0x244>
878029ce:	fab0 f380 	clz	r3, r0
878029d2:	fab1 f281 	clz	r2, r1
878029d6:	eba2 0303 	sub.w	r3, r2, r3
878029da:	f1c3 031f 	rsb	r3, r3, #31
878029de:	a204      	add	r2, pc, #16	; (adr r2, 878029f0 <__aeabi_uidiv+0x38>)
878029e0:	eb02 1303 	add.w	r3, r2, r3, lsl #4
878029e4:	f04f 0200 	mov.w	r2, #0
878029e8:	469f      	mov	pc, r3
878029ea:	bf00      	nop
878029ec:	f3af 8000 	nop.w
878029f0:	ebb0 7fc1 	cmp.w	r0, r1, lsl #31
878029f4:	bf00      	nop
878029f6:	eb42 0202 	adc.w	r2, r2, r2
878029fa:	bf28      	it	cs
878029fc:	eba0 70c1 	subcs.w	r0, r0, r1, lsl #31
87802a00:	ebb0 7f81 	cmp.w	r0, r1, lsl #30
87802a04:	bf00      	nop
87802a06:	eb42 0202 	adc.w	r2, r2, r2
87802a0a:	bf28      	it	cs
87802a0c:	eba0 7081 	subcs.w	r0, r0, r1, lsl #30
87802a10:	ebb0 7f41 	cmp.w	r0, r1, lsl #29
87802a14:	bf00      	nop
87802a16:	eb42 0202 	adc.w	r2, r2, r2
87802a1a:	bf28      	it	cs
87802a1c:	eba0 7041 	subcs.w	r0, r0, r1, lsl #29
87802a20:	ebb0 7f01 	cmp.w	r0, r1, lsl #28
87802a24:	bf00      	nop
87802a26:	eb42 0202 	adc.w	r2, r2, r2
87802a2a:	bf28      	it	cs
87802a2c:	eba0 7001 	subcs.w	r0, r0, r1, lsl #28
87802a30:	ebb0 6fc1 	cmp.w	r0, r1, lsl #27
87802a34:	bf00      	nop
87802a36:	eb42 0202 	adc.w	r2, r2, r2
87802a3a:	bf28      	it	cs
87802a3c:	eba0 60c1 	subcs.w	r0, r0, r1, lsl #27
87802a40:	ebb0 6f81 	cmp.w	r0, r1, lsl #26
87802a44:	bf00      	nop
87802a46:	eb42 0202 	adc.w	r2, r2, r2
87802a4a:	bf28      	it	cs
87802a4c:	eba0 6081 	subcs.w	r0, r0, r1, lsl #26
87802a50:	ebb0 6f41 	cmp.w	r0, r1, lsl #25
87802a54:	bf00      	nop
87802a56:	eb42 0202 	adc.w	r2, r2, r2
87802a5a:	bf28      	it	cs
87802a5c:	eba0 6041 	subcs.w	r0, r0, r1, lsl #25
87802a60:	ebb0 6f01 	cmp.w	r0, r1, lsl #24
87802a64:	bf00      	nop
87802a66:	eb42 0202 	adc.w	r2, r2, r2
87802a6a:	bf28      	it	cs
87802a6c:	eba0 6001 	subcs.w	r0, r0, r1, lsl #24
87802a70:	ebb0 5fc1 	cmp.w	r0, r1, lsl #23
87802a74:	bf00      	nop
87802a76:	eb42 0202 	adc.w	r2, r2, r2
87802a7a:	bf28      	it	cs
87802a7c:	eba0 50c1 	subcs.w	r0, r0, r1, lsl #23
87802a80:	ebb0 5f81 	cmp.w	r0, r1, lsl #22
87802a84:	bf00      	nop
87802a86:	eb42 0202 	adc.w	r2, r2, r2
87802a8a:	bf28      	it	cs
87802a8c:	eba0 5081 	subcs.w	r0, r0, r1, lsl #22
87802a90:	ebb0 5f41 	cmp.w	r0, r1, lsl #21
87802a94:	bf00      	nop
87802a96:	eb42 0202 	adc.w	r2, r2, r2
87802a9a:	bf28      	it	cs
87802a9c:	eba0 5041 	subcs.w	r0, r0, r1, lsl #21
87802aa0:	ebb0 5f01 	cmp.w	r0, r1, lsl #20
87802aa4:	bf00      	nop
87802aa6:	eb42 0202 	adc.w	r2, r2, r2
87802aaa:	bf28      	it	cs
87802aac:	eba0 5001 	subcs.w	r0, r0, r1, lsl #20
87802ab0:	ebb0 4fc1 	cmp.w	r0, r1, lsl #19
87802ab4:	bf00      	nop
87802ab6:	eb42 0202 	adc.w	r2, r2, r2
87802aba:	bf28      	it	cs
87802abc:	eba0 40c1 	subcs.w	r0, r0, r1, lsl #19
87802ac0:	ebb0 4f81 	cmp.w	r0, r1, lsl #18
87802ac4:	bf00      	nop
87802ac6:	eb42 0202 	adc.w	r2, r2, r2
87802aca:	bf28      	it	cs
87802acc:	eba0 4081 	subcs.w	r0, r0, r1, lsl #18
87802ad0:	ebb0 4f41 	cmp.w	r0, r1, lsl #17
87802ad4:	bf00      	nop
87802ad6:	eb42 0202 	adc.w	r2, r2, r2
87802ada:	bf28      	it	cs
87802adc:	eba0 4041 	subcs.w	r0, r0, r1, lsl #17
87802ae0:	ebb0 4f01 	cmp.w	r0, r1, lsl #16
87802ae4:	bf00      	nop
87802ae6:	eb42 0202 	adc.w	r2, r2, r2
87802aea:	bf28      	it	cs
87802aec:	eba0 4001 	subcs.w	r0, r0, r1, lsl #16
87802af0:	ebb0 3fc1 	cmp.w	r0, r1, lsl #15
87802af4:	bf00      	nop
87802af6:	eb42 0202 	adc.w	r2, r2, r2
87802afa:	bf28      	it	cs
87802afc:	eba0 30c1 	subcs.w	r0, r0, r1, lsl #15
87802b00:	ebb0 3f81 	cmp.w	r0, r1, lsl #14
87802b04:	bf00      	nop
87802b06:	eb42 0202 	adc.w	r2, r2, r2
87802b0a:	bf28      	it	cs
87802b0c:	eba0 3081 	subcs.w	r0, r0, r1, lsl #14
87802b10:	ebb0 3f41 	cmp.w	r0, r1, lsl #13
87802b14:	bf00      	nop
87802b16:	eb42 0202 	adc.w	r2, r2, r2
87802b1a:	bf28      	it	cs
87802b1c:	eba0 3041 	subcs.w	r0, r0, r1, lsl #13
87802b20:	ebb0 3f01 	cmp.w	r0, r1, lsl #12
87802b24:	bf00      	nop
87802b26:	eb42 0202 	adc.w	r2, r2, r2
87802b2a:	bf28      	it	cs
87802b2c:	eba0 3001 	subcs.w	r0, r0, r1, lsl #12
87802b30:	ebb0 2fc1 	cmp.w	r0, r1, lsl #11
87802b34:	bf00      	nop
87802b36:	eb42 0202 	adc.w	r2, r2, r2
87802b3a:	bf28      	it	cs
87802b3c:	eba0 20c1 	subcs.w	r0, r0, r1, lsl #11
87802b40:	ebb0 2f81 	cmp.w	r0, r1, lsl #10
87802b44:	bf00      	nop
87802b46:	eb42 0202 	adc.w	r2, r2, r2
87802b4a:	bf28      	it	cs
87802b4c:	eba0 2081 	subcs.w	r0, r0, r1, lsl #10
87802b50:	ebb0 2f41 	cmp.w	r0, r1, lsl #9
87802b54:	bf00      	nop
87802b56:	eb42 0202 	adc.w	r2, r2, r2
87802b5a:	bf28      	it	cs
87802b5c:	eba0 2041 	subcs.w	r0, r0, r1, lsl #9
87802b60:	ebb0 2f01 	cmp.w	r0, r1, lsl #8
87802b64:	bf00      	nop
87802b66:	eb42 0202 	adc.w	r2, r2, r2
87802b6a:	bf28      	it	cs
87802b6c:	eba0 2001 	subcs.w	r0, r0, r1, lsl #8
87802b70:	ebb0 1fc1 	cmp.w	r0, r1, lsl #7
87802b74:	bf00      	nop
87802b76:	eb42 0202 	adc.w	r2, r2, r2
87802b7a:	bf28      	it	cs
87802b7c:	eba0 10c1 	subcs.w	r0, r0, r1, lsl #7
87802b80:	ebb0 1f81 	cmp.w	r0, r1, lsl #6
87802b84:	bf00      	nop
87802b86:	eb42 0202 	adc.w	r2, r2, r2
87802b8a:	bf28      	it	cs
87802b8c:	eba0 1081 	subcs.w	r0, r0, r1, lsl #6
87802b90:	ebb0 1f41 	cmp.w	r0, r1, lsl #5
87802b94:	bf00      	nop
87802b96:	eb42 0202 	adc.w	r2, r2, r2
87802b9a:	bf28      	it	cs
87802b9c:	eba0 1041 	subcs.w	r0, r0, r1, lsl #5
87802ba0:	ebb0 1f01 	cmp.w	r0, r1, lsl #4
87802ba4:	bf00      	nop
87802ba6:	eb42 0202 	adc.w	r2, r2, r2
87802baa:	bf28      	it	cs
87802bac:	eba0 1001 	subcs.w	r0, r0, r1, lsl #4
87802bb0:	ebb0 0fc1 	cmp.w	r0, r1, lsl #3
87802bb4:	bf00      	nop
87802bb6:	eb42 0202 	adc.w	r2, r2, r2
87802bba:	bf28      	it	cs
87802bbc:	eba0 00c1 	subcs.w	r0, r0, r1, lsl #3
87802bc0:	ebb0 0f81 	cmp.w	r0, r1, lsl #2
87802bc4:	bf00      	nop
87802bc6:	eb42 0202 	adc.w	r2, r2, r2
87802bca:	bf28      	it	cs
87802bcc:	eba0 0081 	subcs.w	r0, r0, r1, lsl #2
87802bd0:	ebb0 0f41 	cmp.w	r0, r1, lsl #1
87802bd4:	bf00      	nop
87802bd6:	eb42 0202 	adc.w	r2, r2, r2
87802bda:	bf28      	it	cs
87802bdc:	eba0 0041 	subcs.w	r0, r0, r1, lsl #1
87802be0:	ebb0 0f01 	cmp.w	r0, r1
87802be4:	bf00      	nop
87802be6:	eb42 0202 	adc.w	r2, r2, r2
87802bea:	bf28      	it	cs
87802bec:	eba0 0001 	subcs.w	r0, r0, r1
87802bf0:	4610      	mov	r0, r2
87802bf2:	4770      	bx	lr
87802bf4:	bf0c      	ite	eq
87802bf6:	2001      	moveq	r0, #1
87802bf8:	2000      	movne	r0, #0
87802bfa:	4770      	bx	lr
87802bfc:	fab1 f281 	clz	r2, r1
87802c00:	f1c2 021f 	rsb	r2, r2, #31
87802c04:	fa20 f002 	lsr.w	r0, r0, r2
87802c08:	4770      	bx	lr
87802c0a:	b108      	cbz	r0, 87802c10 <__aeabi_uidiv+0x258>
87802c0c:	f04f 30ff 	mov.w	r0, #4294967295	; 0xffffffff
87802c10:	f000 b80e 	b.w	87802c30 <__aeabi_idiv0>

87802c14 <__aeabi_uidivmod>:
87802c14:	2900      	cmp	r1, #0
87802c16:	d0f8      	beq.n	87802c0a <__aeabi_uidiv+0x252>
87802c18:	e92d 4003 	stmdb	sp!, {r0, r1, lr}
87802c1c:	f7ff fecc 	bl	878029b8 <__aeabi_uidiv>
87802c20:	e8bd 4006 	ldmia.w	sp!, {r1, r2, lr}
87802c24:	fb02 f300 	mul.w	r3, r2, r0
87802c28:	eba1 0103 	sub.w	r1, r1, r3
87802c2c:	4770      	bx	lr
87802c2e:	bf00      	nop

87802c30 <__aeabi_idiv0>:
87802c30:	b502      	push	{r1, lr}
87802c32:	f04f 0008 	mov.w	r0, #8
87802c36:	f7ff fd11 	bl	8780265c <raise>
87802c3a:	bd02      	pop	{r1, pc}
87802c3c:	0000      	movs	r0, r0
	...

87802c40 <__main_from_arm>:
87802c40:	e51ff004 	ldr	pc, [pc, #-4]	; 87802c44 <__main_from_arm+0x4>
87802c44:	87802c49 	strhi	r2, [r0, r9, asr #24]

Disassembly of section .text.startup:

87802c48 <main>:
87802c48:	b508      	push	{r3, lr}
87802c4a:	f7ff f97b 	bl	87801f44 <int_init>
87802c4e:	f7fe ff33 	bl	87801ab8 <imx6u_clkinit>
87802c52:	f7fe ff21 	bl	87801a98 <clk_enable>
87802c56:	f7fe ffc7 	bl	87801be8 <delay_Init>
87802c5a:	f7fe ff8b 	bl	87801b74 <led_init>
87802c5e:	f7ff f809 	bl	87801c74 <beep_init>
87802c62:	f7ff fa63 	bl	8780212c <KeyFiler_init>
87802c66:	f7ff fc45 	bl	878024f4 <UART_Init>
87802c6a:	f7fe ff9f 	bl	87801bac <led_on>
87802c6e:	f642 4098 	movw	r0, #11416	; 0x2c98
87802c72:	f2c8 7080 	movt	r0, #34688	; 0x8780
87802c76:	f7fe fec5 	bl	87801a04 <printf>
87802c7a:	20c8      	movs	r0, #200	; 0xc8
87802c7c:	f7fe ffc8 	bl	87801c10 <delay_ms>
87802c80:	f7fe ff9e 	bl	87801bc0 <led_off>
87802c84:	f642 4098 	movw	r0, #11416	; 0x2c98
87802c88:	f2c8 7080 	movt	r0, #34688	; 0x8780
87802c8c:	f7fe feba 	bl	87801a04 <printf>
87802c90:	20c8      	movs	r0, #200	; 0xc8
87802c92:	f7fe ffbd 	bl	87801c10 <delay_ms>
87802c96:	e7e8      	b.n	87802c6a <main+0x22>

Disassembly of section .rodata:

87802c98 <digits.7768-0x1c>:
87802c98:	73696874 	cmnvc	r9, #116, 16	; 0x740000
87802c9c:	20736920 	rsbscs	r6, r3, r0, lsr #18
87802ca0:	72702061 	rsbsvc	r2, r0, #97	; 0x61
87802ca4:	66746e69 	ldrbtvs	r6, [r4], -r9, ror #28
87802ca8:	73657420 	cmnvc	r5, #32, 8	; 0x20000000
87802cac:	0a0d2174 	beq	87b4b284 <__bss_end+0x347618>
87802cb0:	00000000 	andeq	r0, r0, r0

87802cb4 <digits.7768>:
87802cb4:	33323130 	teqcc	r2, #48, 2
87802cb8:	37363534 			; <UNDEFINED> instruction: 0x37363534
87802cbc:	42413938 	submi	r3, r1, #56, 18	; 0xe0000
87802cc0:	46454443 	strbmi	r4, [r5], -r3, asr #8
87802cc4:	4c554e3c 	mrrcmi	14, 3, r4, r5, cr12
87802cc8:	00003e4c 	andeq	r3, r0, ip, asr #28

Disassembly of section .data:

87802ccc <_ctype>:
87802ccc:	08080808 	stmdaeq	r8, {r3, fp}
87802cd0:	08080808 	stmdaeq	r8, {r3, fp}
87802cd4:	28282808 	stmdacs	r8!, {r3, fp, sp}
87802cd8:	08082828 	stmdaeq	r8, {r3, r5, fp, sp}
87802cdc:	08080808 	stmdaeq	r8, {r3, fp}
87802ce0:	08080808 	stmdaeq	r8, {r3, fp}
87802ce4:	08080808 	stmdaeq	r8, {r3, fp}
87802ce8:	08080808 	stmdaeq	r8, {r3, fp}
87802cec:	101010a0 	andsne	r1, r0, r0, lsr #1
87802cf0:	10101010 	andsne	r1, r0, r0, lsl r0
87802cf4:	10101010 	andsne	r1, r0, r0, lsl r0
87802cf8:	10101010 	andsne	r1, r0, r0, lsl r0
87802cfc:	04040404 	streq	r0, [r4], #-1028	; 0x404
87802d00:	04040404 	streq	r0, [r4], #-1028	; 0x404
87802d04:	10100404 	andsne	r0, r0, r4, lsl #8
87802d08:	10101010 	andsne	r1, r0, r0, lsl r0
87802d0c:	41414110 	cmpmi	r1, r0, lsl r1
87802d10:	01414141 	cmpeq	r1, r1, asr #2
87802d14:	01010101 	tsteq	r1, r1, lsl #2
87802d18:	01010101 	tsteq	r1, r1, lsl #2
87802d1c:	01010101 	tsteq	r1, r1, lsl #2
87802d20:	01010101 	tsteq	r1, r1, lsl #2
87802d24:	10010101 	andne	r0, r1, r1, lsl #2
87802d28:	10101010 	andsne	r1, r0, r0, lsl r0
87802d2c:	42424210 	submi	r4, r2, #16, 4
87802d30:	02424242 	subeq	r4, r2, #536870916	; 0x20000004
87802d34:	02020202 	andeq	r0, r2, #536870912	; 0x20000000
87802d38:	02020202 	andeq	r0, r2, #536870912	; 0x20000000
87802d3c:	02020202 	andeq	r0, r2, #536870912	; 0x20000000
87802d40:	02020202 	andeq	r0, r2, #536870912	; 0x20000000
87802d44:	10020202 	andne	r0, r2, r2, lsl #4
87802d48:	08101010 	ldmdaeq	r0, {r4, ip}
	...
87802d6c:	101010a0 	andsne	r1, r0, r0, lsr #1
87802d70:	10101010 	andsne	r1, r0, r0, lsl r0
87802d74:	10101010 	andsne	r1, r0, r0, lsl r0
87802d78:	10101010 	andsne	r1, r0, r0, lsl r0
87802d7c:	10101010 	andsne	r1, r0, r0, lsl r0
87802d80:	10101010 	andsne	r1, r0, r0, lsl r0
87802d84:	10101010 	andsne	r1, r0, r0, lsl r0
87802d88:	10101010 	andsne	r1, r0, r0, lsl r0
87802d8c:	01010101 	tsteq	r1, r1, lsl #2
87802d90:	01010101 	tsteq	r1, r1, lsl #2
87802d94:	01010101 	tsteq	r1, r1, lsl #2
87802d98:	01010101 	tsteq	r1, r1, lsl #2
87802d9c:	01010101 	tsteq	r1, r1, lsl #2
87802da0:	10010101 	andne	r0, r1, r1, lsl #2
87802da4:	01010101 	tsteq	r1, r1, lsl #2
87802da8:	02010101 	andeq	r0, r1, #1073741824	; 0x40000000
87802dac:	02020202 	andeq	r0, r2, #536870912	; 0x20000000
87802db0:	02020202 	andeq	r0, r2, #536870912	; 0x20000000
87802db4:	02020202 	andeq	r0, r2, #536870912	; 0x20000000
87802db8:	02020202 	andeq	r0, r2, #536870912	; 0x20000000
87802dbc:	02020202 	andeq	r0, r2, #536870912	; 0x20000000
87802dc0:	10020202 	andne	r0, r2, r2, lsl #4
87802dc4:	02020202 	andeq	r0, r2, #536870912	; 0x20000000
87802dc8:	02020202 	andeq	r0, r2, #536870912	; 0x20000000

87802dcc <release.7463>:
87802dcc:	00000001 	andeq	r0, r0, r1

87802dd0 <EPIT_base_ptrs>:
87802dd0:	00000000 	andeq	r0, r0, r0
87802dd4:	020d0000 	andeq	r0, sp, #0
87802dd8:	020d4000 	andeq	r4, sp, #0

87802ddc <EPIT_irqs>:
87802ddc:	ffffff80 			; <UNDEFINED> instruction: 0xffffff80
87802de0:	00000058 	andeq	r0, r0, r8, asr r0
87802de4:	00000059 	andeq	r0, r0, r9, asr r0

87802de8 <EPIT_base_add>:
87802de8:	00000000 	andeq	r0, r0, r0
87802dec:	020d0000 	andeq	r0, sp, #0
87802df0:	020d4000 	andeq	r4, sp, #0

87802df4 <GPT_base_ptrs>:
87802df4:	00000000 	andeq	r0, r0, r0
87802df8:	02098000 	andeq	r8, r9, #0
87802dfc:	020e8000 	andeq	r8, lr, #0

87802e00 <GPT_irqs>:
87802e00:	ffffff80 			; <UNDEFINED> instruction: 0xffffff80
87802e04:	00000057 	andeq	r0, r0, r7, asr r0
87802e08:	0000008d 	andeq	r0, r0, sp, lsl #1

87802e0c <GPT_base_add>:
87802e0c:	00000000 	andeq	r0, r0, r0
87802e10:	02098000 	andeq	r8, r9, #0
87802e14:	020e8000 	andeq	r8, lr, #0

87802e18 <UART_base_ptrs>:
87802e18:	00000000 	andeq	r0, r0, r0
87802e1c:	02020000 	andeq	r0, r2, #0
87802e20:	021e8000 	andseq	r8, lr, #0
87802e24:	021ec000 	andseq	ip, lr, #0
87802e28:	021f0000 	andseq	r0, pc, #0
87802e2c:	021f4000 	andseq	r4, pc, #0
87802e30:	021fc000 	andseq	ip, pc, #0
87802e34:	02018000 	andeq	r8, r1, #0
87802e38:	02288000 	eoreq	r8, r8, #0

87802e3c <UART_irqs>:
87802e3c:	ffffff80 			; <UNDEFINED> instruction: 0xffffff80
87802e40:	0000003a 	andeq	r0, r0, sl, lsr r0
87802e44:	0000003b 	andeq	r0, r0, fp, lsr r0
87802e48:	0000003c 	andeq	r0, r0, ip, lsr r0
87802e4c:	0000003d 	andeq	r0, r0, sp, lsr r0
87802e50:	0000003e 	andeq	r0, r0, lr, lsr r0
87802e54:	00000031 	andeq	r0, r0, r1, lsr r0
87802e58:	00000047 	andeq	r0, r0, r7, asr #32
87802e5c:	00000048 	andeq	r0, r0, r8, asr #32

87802e60 <UART_base_add>:
87802e60:	00000000 	andeq	r0, r0, r0
87802e64:	02020000 	andeq	r0, r2, #0
87802e68:	021e8000 	andseq	r8, lr, #0
87802e6c:	021ec000 	andseq	ip, lr, #0
87802e70:	021f0000 	andseq	r0, pc, #0
87802e74:	021f4000 	andseq	r4, pc, #0
87802e78:	021fc000 	andseq	ip, pc, #0
87802e7c:	02018000 	andeq	r8, r1, #0
87802e80:	02288000 	eoreq	r8, r8, #0

Disassembly of section .bss:

87802e84 <g_pcOutBuf>:
	...

87803284 <g_pcInBuf>:
	...

87803684 <irqNesting>:
87803684:	00000000 	andeq	r0, r0, r0

87803688 <irqTable>:
	...

87803b88 <___strtok>:
87803b88:	00000000 	andeq	r0, r0, r0

87803b8c <EPITconfig>:
	...

87803bc4 <GPTconfig>:
	...

87803bd4 <huart1>:
	...

Disassembly of section .comment:

00000000 <.comment>:
   0:	3a434347 	bcc	10d0d24 <shift+0x10d0d24>
   4:	694c2820 	stmdbvs	ip, {r5, fp, sp}^
   8:	6f72616e 	svcvs	0x0072616e
   c:	43434720 	movtmi	r4, #14112	; 0x3720
  10:	392e3420 	stmdbcc	lr!, {r5, sl, ip, sp}
  14:	3130322d 	teqcc	r0, sp, lsr #4
  18:	31302e37 	teqcc	r0, r7, lsr lr
  1c:	2e342029 	cdpcs	0, 3, cr2, cr4, cr9, {1}
  20:	00342e39 	eorseq	r2, r4, r9, lsr lr

Disassembly of section .ARM.attributes:

00000000 <.ARM.attributes>:
   0:	00003041 	andeq	r3, r0, r1, asr #32
   4:	61656100 	cmnvs	r5, r0, lsl #2
   8:	01006962 	tsteq	r0, r2, ror #18
   c:	00000026 	andeq	r0, r0, r6, lsr #32
  10:	412d3705 	teqmi	sp, r5, lsl #14
  14:	070a0600 	streq	r0, [sl, -r0, lsl #12]
  18:	09010841 	stmdbeq	r1, {r0, r6, fp}
  1c:	12040a02 	andne	r0, r4, #8192	; 0x2000
  20:	15011404 	strne	r1, [r1, #-1028]	; 0x404
  24:	18031701 	stmdane	r3, {r0, r8, r9, sl, ip}
  28:	1b021a01 	blne	86834 <shift+0x86834>
  2c:	22011c03 	andcs	r1, r1, #768	; 0x300
  30:	Address 0x0000000000000030 is out of bounds.


Disassembly of section .debug_frame:

00000000 <.debug_frame>:
   0:	0000000c 	andeq	r0, r0, ip
   4:	ffffffff 			; <UNDEFINED> instruction: 0xffffffff
   8:	7c010001 	stcvc	0, cr0, [r1], {1}
   c:	000d0c0e 	andeq	r0, sp, lr, lsl #24
  10:	0000000c 	andeq	r0, r0, ip
  14:	00000000 	andeq	r0, r0, r0
  18:	878029b9 			; <UNDEFINED> instruction: 0x878029b9
  1c:	0000025c 	andeq	r0, r0, ip, asr r2

Disassembly of section .debug_line:

00000000 <.debug_line>:
   0:	00000100 	andeq	r0, r0, r0, lsl #2
   4:	00c70002 	sbceq	r0, r7, r2
   8:	01020000 	mrseq	r0, (UNDEF: 2)
   c:	000d0efb 	strdeq	r0, [sp], -fp
  10:	01010101 	tsteq	r1, r1, lsl #2
  14:	01000000 	mrseq	r0, (UNDEF: 0)
  18:	2f010000 	svccs	0x00010000
  1c:	656d6f68 	strbvs	r6, [sp, #-3944]!	; 0xf68
  20:	7763742f 	strbvc	r7, [r3, -pc, lsr #8]!
  24:	75622d67 	strbvc	r2, [r2, #-3431]!	; 0xd67
  28:	73646c69 	cmnvc	r4, #26880	; 0x6900
  2c:	6576616c 	ldrbvs	r6, [r6, #-364]!	; 0x16c
  30:	726f772f 	rsbvc	r7, pc, #12320768	; 0xbc0000
  34:	6170736b 	cmnvs	r0, fp, ror #6
  38:	742f6563 	strtvc	r6, [pc], #-1379	; 40 <shift+0x40>
  3c:	2d677763 	stclcs	7, cr7, [r7, #-396]!	; 0xfffffe74
  40:	656b616d 	strbvs	r6, [fp, #-365]!	; 0x16d
  44:	6c65722d 	sfmvs	f7, 2, [r5], #-180	; 0xffffff4c
  48:	65736165 	ldrbvs	r6, [r3, #-357]!	; 0x165
  4c:	62616c2f 	rsbvs	r6, r1, #12032	; 0x2f00
  50:	642f6c65 	strtvs	r6, [pc], #-3173	; 58 <shift+0x58>
  54:	656b636f 	strbvs	r6, [fp, #-879]!	; 0x36f
  58:	72742d72 	rsbsvc	r2, r4, #7296	; 0x1c80
  5c:	79747375 	ldmdbvc	r4!, {r0, r2, r4, r5, r6, r8, r9, ip, sp, lr}^
  60:	646d612d 	strbtvs	r6, [sp], #-301	; 0x12d
  64:	742d3436 	strtvc	r3, [sp], #-1078	; 0x436
  68:	2d677763 	stclcs	7, cr7, [r7, #-396]!	; 0xfffffe74
  6c:	6c697562 	cfstr64vs	mvdx7, [r9], #-392	; 0xfffffe78
  70:	61742f64 	cmnvs	r4, r4, ror #30
  74:	74656772 	strbtvc	r6, [r5], #-1906	; 0x772
  78:	6d72612f 	ldfvse	f6, [r2, #-188]!	; 0xffffff44
  7c:	6e696c2d 	cdpvs	12, 6, cr6, cr9, cr13, {1}
  80:	672d7875 			; <UNDEFINED> instruction: 0x672d7875
  84:	6165756e 	cmnvs	r5, lr, ror #10
  88:	66686962 	strbtvs	r6, [r8], -r2, ror #18
  8c:	616e732f 	cmnvs	lr, pc, lsr #6
  90:	6f687370 	svcvs	0x00687370
  94:	672f7374 			; <UNDEFINED> instruction: 0x672f7374
  98:	6c2d6363 	stcvs	3, cr6, [sp], #-396	; 0xfffffe74
  9c:	72616e69 	rsbvc	r6, r1, #1680	; 0x690
  a0:	2e342d6f 	cdpcs	13, 3, cr2, cr4, cr15, {3}
  a4:	30322d39 	eorscc	r2, r2, r9, lsr sp
  a8:	302e3731 	eorcc	r3, lr, r1, lsr r7
  ac:	696c2f31 	stmdbvs	ip!, {r0, r4, r5, r8, r9, sl, fp, sp}^
  b0:	63636762 	cmnvs	r3, #25690112	; 0x1880000
  b4:	6e6f632f 	cdpvs	3, 6, cr6, cr15, cr15, {1}
  b8:	2f676966 	svccs	0x00676966
  bc:	006d7261 	rsbeq	r7, sp, r1, ror #4
  c0:	62696c00 	rsbvs	r6, r9, #0, 24
  c4:	6e756631 	mrcvs	6, 3, r6, cr5, cr1, {1}
  c8:	532e7363 	teqpl	lr, #-1946157055	; 0x8c000001
  cc:	00000100 	andeq	r0, r0, r0, lsl #2
  d0:	02050000 	andeq	r0, r5, #0
  d4:	878029b8 			; <UNDEFINED> instruction: 0x878029b8
  d8:	0107cf03 	tsteq	r7, r3, lsl #30
  dc:	2f212121 	svccs	0x00212121
  e0:	30212f21 	eorcc	r2, r1, r1, lsr #30
  e4:	14029102 	strne	r9, [r2], #-258	; 0x102
  e8:	21212221 	teqcs	r1, r1, lsr #4
  ec:	2f4c2221 	svccs	0x004c2221
  f0:	207aeb03 	rsbscs	lr, sl, r3, lsl #22
  f4:	5805af03 	stmdapl	r5, {r0, r1, r8, r9, sl, fp, sp, pc}
  f8:	2f2f2121 	svccs	0x002f2121
  fc:	022f2f2f 	eoreq	r2, pc, #47, 30	; 0xbc
 100:	01010001 	tsteq	r1, r1
 104:	000000e3 	andeq	r0, r0, r3, ror #1
 108:	00c70002 	sbceq	r0, r7, r2
 10c:	01020000 	mrseq	r0, (UNDEF: 2)
 110:	000d0efb 	strdeq	r0, [sp], -fp
 114:	01010101 	tsteq	r1, r1, lsl #2
 118:	01000000 	mrseq	r0, (UNDEF: 0)
 11c:	2f010000 	svccs	0x00010000
 120:	656d6f68 	strbvs	r6, [sp, #-3944]!	; 0xf68
 124:	7763742f 	strbvc	r7, [r3, -pc, lsr #8]!
 128:	75622d67 	strbvc	r2, [r2, #-3431]!	; 0xd67
 12c:	73646c69 	cmnvc	r4, #26880	; 0x6900
 130:	6576616c 	ldrbvs	r6, [r6, #-364]!	; 0x16c
 134:	726f772f 	rsbvc	r7, pc, #12320768	; 0xbc0000
 138:	6170736b 	cmnvs	r0, fp, ror #6
 13c:	742f6563 	strtvc	r6, [pc], #-1379	; 144 <shift+0x144>
 140:	2d677763 	stclcs	7, cr7, [r7, #-396]!	; 0xfffffe74
 144:	656b616d 	strbvs	r6, [fp, #-365]!	; 0x16d
 148:	6c65722d 	sfmvs	f7, 2, [r5], #-180	; 0xffffff4c
 14c:	65736165 	ldrbvs	r6, [r3, #-357]!	; 0x165
 150:	62616c2f 	rsbvs	r6, r1, #12032	; 0x2f00
 154:	642f6c65 	strtvs	r6, [pc], #-3173	; 15c <shift+0x15c>
 158:	656b636f 	strbvs	r6, [fp, #-879]!	; 0x36f
 15c:	72742d72 	rsbsvc	r2, r4, #7296	; 0x1c80
 160:	79747375 	ldmdbvc	r4!, {r0, r2, r4, r5, r6, r8, r9, ip, sp, lr}^
 164:	646d612d 	strbtvs	r6, [sp], #-301	; 0x12d
 168:	742d3436 	strtvc	r3, [sp], #-1078	; 0x436
 16c:	2d677763 	stclcs	7, cr7, [r7, #-396]!	; 0xfffffe74
 170:	6c697562 	cfstr64vs	mvdx7, [r9], #-392	; 0xfffffe78
 174:	61742f64 	cmnvs	r4, r4, ror #30
 178:	74656772 	strbtvc	r6, [r5], #-1906	; 0x772
 17c:	6d72612f 	ldfvse	f6, [r2, #-188]!	; 0xffffff44
 180:	6e696c2d 	cdpvs	12, 6, cr6, cr9, cr13, {1}
 184:	672d7875 			; <UNDEFINED> instruction: 0x672d7875
 188:	6165756e 	cmnvs	r5, lr, ror #10
 18c:	66686962 	strbtvs	r6, [r8], -r2, ror #18
 190:	616e732f 	cmnvs	lr, pc, lsr #6
 194:	6f687370 	svcvs	0x00687370
 198:	672f7374 			; <UNDEFINED> instruction: 0x672f7374
 19c:	6c2d6363 	stcvs	3, cr6, [sp], #-396	; 0xfffffe74
 1a0:	72616e69 	rsbvc	r6, r1, #1680	; 0x690
 1a4:	2e342d6f 	cdpcs	13, 3, cr2, cr4, cr15, {3}
 1a8:	30322d39 	eorscc	r2, r2, r9, lsr sp
 1ac:	302e3731 	eorcc	r3, lr, r1, lsr r7
 1b0:	696c2f31 	stmdbvs	ip!, {r0, r4, r5, r8, r9, sl, fp, sp}^
 1b4:	63636762 	cmnvs	r3, #25690112	; 0x1880000
 1b8:	6e6f632f 	cdpvs	3, 6, cr6, cr15, cr15, {1}
 1bc:	2f676966 	svccs	0x00676966
 1c0:	006d7261 	rsbeq	r7, sp, r1, ror #4
 1c4:	62696c00 	rsbvs	r6, r9, #0, 24
 1c8:	6e756631 	mrcvs	6, 3, r6, cr5, cr1, {1}
 1cc:	532e7363 	teqpl	lr, #-1946157055	; 0x8c000001
 1d0:	00000100 	andeq	r0, r0, r0, lsl #2
 1d4:	02050000 	andeq	r0, r5, #0
 1d8:	87802c30 			; <UNDEFINED> instruction: 0x87802c30
 1dc:	010ab003 	tsteq	sl, r3
 1e0:	bb032f21 	bllt	cbe6c <shift+0xcbe6c>
 1e4:	01022e77 	tsteq	r2, r7, ror lr
 1e8:	Address 0x00000000000001e8 is out of bounds.


Disassembly of section .debug_info:

00000000 <.debug_info>:
   0:	000001bb 			; <UNDEFINED> instruction: 0x000001bb
   4:	00000002 	andeq	r0, r0, r2
   8:	01040000 	mrseq	r0, (UNDEF: 4)
   c:	00000000 	andeq	r0, r0, r0
  10:	878029b8 			; <UNDEFINED> instruction: 0x878029b8
  14:	87802c2e 	strhi	r2, [r0, lr, lsr #24]
  18:	6d6f682f 	stclvs	8, cr6, [pc, #-188]!	; ffffff64 <__bss_end+0x787fc2f8>
  1c:	63742f65 	cmnvs	r4, #404	; 0x194
  20:	622d6777 	eorvs	r6, sp, #31195136	; 0x1dc0000
  24:	646c6975 	strbtvs	r6, [ip], #-2421	; 0x975
  28:	76616c73 			; <UNDEFINED> instruction: 0x76616c73
  2c:	6f772f65 	svcvs	0x00772f65
  30:	70736b72 	rsbsvc	r6, r3, r2, ror fp
  34:	2f656361 	svccs	0x00656361
  38:	67776374 			; <UNDEFINED> instruction: 0x67776374
  3c:	6b616d2d 	blvs	185b4f8 <shift+0x185b4f8>
  40:	65722d65 	ldrbvs	r2, [r2, #-3429]!	; 0xd65
  44:	7361656c 	cmnvc	r1, #108, 10	; 0x1b000000
  48:	616c2f65 	cmnvs	ip, r5, ror #30
  4c:	2f6c6562 	svccs	0x006c6562
  50:	6b636f64 	blvs	18dbde8 <shift+0x18dbde8>
  54:	742d7265 	strtvc	r7, [sp], #-613	; 0x265
  58:	74737572 	ldrbtvc	r7, [r3], #-1394	; 0x572
  5c:	6d612d79 	stclvs	13, cr2, [r1, #-484]!	; 0xfffffe1c
  60:	2d343664 	ldccs	6, cr3, [r4, #-400]!	; 0xfffffe70
  64:	67776374 			; <UNDEFINED> instruction: 0x67776374
  68:	6975622d 	ldmdbvs	r5!, {r0, r2, r3, r5, r9, sp, lr}^
  6c:	742f646c 	strtvc	r6, [pc], #-1132	; 74 <shift+0x74>
  70:	65677261 	strbvs	r7, [r7, #-609]!	; 0x261
  74:	72612f74 	rsbvc	r2, r1, #116, 30	; 0x1d0
  78:	696c2d6d 	stmdbvs	ip!, {r0, r2, r3, r5, r6, r8, sl, fp, sp}^
  7c:	2d78756e 	cfldr64cs	mvdx7, [r8, #-440]!	; 0xfffffe48
  80:	65756e67 	ldrbvs	r6, [r5, #-3687]!	; 0xe67
  84:	68696261 	stmdavs	r9!, {r0, r5, r6, r9, sp, lr}^
  88:	6e732f66 	cdpvs	15, 7, cr2, cr3, cr6, {3}
  8c:	68737061 	ldmdavs	r3!, {r0, r5, r6, ip, sp, lr}^
  90:	2f73746f 	svccs	0x0073746f
  94:	2d636367 	stclcs	3, cr6, [r3, #-412]!	; 0xfffffe64
  98:	616e696c 	cmnvs	lr, ip, ror #18
  9c:	342d6f72 	strtcc	r6, [sp], #-3954	; 0xf72
  a0:	322d392e 	eorcc	r3, sp, #753664	; 0xb8000
  a4:	2e373130 	mrccs	1, 1, r3, cr7, cr0, {1}
  a8:	6c2f3130 	stfvss	f3, [pc], #-192	; fffffff0 <__bss_end+0x787fc384>
  ac:	63676269 	cmnvs	r7, #-1879048186	; 0x90000006
  b0:	6f632f63 	svcvs	0x00632f63
  b4:	6769666e 	strbvs	r6, [r9, -lr, ror #12]!
  b8:	6d72612f 	ldfvse	f6, [r2, #-188]!	; 0xffffff44
  bc:	62696c2f 	rsbvs	r6, r9, #12032	; 0x2f00
  c0:	6e756631 	mrcvs	6, 3, r6, cr5, cr1, {1}
  c4:	532e7363 	teqpl	lr, #-1946157055	; 0x8c000001
  c8:	6f682f00 	svcvs	0x00682f00
  cc:	742f656d 	strtvc	r6, [pc], #-1389	; d4 <shift+0xd4>
  d0:	2d677763 	stclcs	7, cr7, [r7, #-396]!	; 0xfffffe74
  d4:	6c697562 	cfstr64vs	mvdx7, [r9], #-392	; 0xfffffe78
  d8:	616c7364 	cmnvs	ip, r4, ror #6
  dc:	772f6576 			; <UNDEFINED> instruction: 0x772f6576
  e0:	736b726f 	cmnvc	fp, #-268435450	; 0xf0000006
  e4:	65636170 	strbvs	r6, [r3, #-368]!	; 0x170
  e8:	7763742f 	strbvc	r7, [r3, -pc, lsr #8]!
  ec:	616d2d67 	cmnvs	sp, r7, ror #26
  f0:	722d656b 	eorvc	r6, sp, #448790528	; 0x1ac00000
  f4:	61656c65 	cmnvs	r5, r5, ror #24
  f8:	6c2f6573 	cfstr32vs	mvfx6, [pc], #-460	; ffffff34 <__bss_end+0x787fc2c8>
  fc:	6c656261 	sfmvs	f6, 2, [r5], #-388	; 0xfffffe7c
 100:	636f642f 	cmnvs	pc, #788529152	; 0x2f000000
 104:	2d72656b 	cfldr64cs	mvdx6, [r2, #-428]!	; 0xfffffe54
 108:	73757274 	cmnvc	r5, #116, 4	; 0x40000007
 10c:	612d7974 	teqvs	sp, r4, ror r9
 110:	3436646d 	ldrtcc	r6, [r6], #-1133	; 0x46d
 114:	7763742d 	strbvc	r7, [r3, -sp, lsr #8]!
 118:	75622d67 	strbvc	r2, [r2, #-3431]!	; 0xd67
 11c:	2f646c69 	svccs	0x00646c69
 120:	67726174 			; <UNDEFINED> instruction: 0x67726174
 124:	612f7465 	teqvs	pc, r5, ror #8
 128:	6c2d6d72 	stcvs	13, cr6, [sp], #-456	; 0xfffffe38
 12c:	78756e69 	ldmdavc	r5!, {r0, r3, r5, r6, r9, sl, fp, sp, lr}^
 130:	756e672d 	strbvc	r6, [lr, #-1837]!	; 0x72d
 134:	69626165 	stmdbvs	r2!, {r0, r2, r5, r6, r8, sp, lr}^
 138:	5f2f6668 	svcpl	0x002f6668
 13c:	6c697562 	cfstr64vs	mvdx7, [r9], #-392	; 0xfffffe78
 140:	75622f64 	strbvc	r2, [r2, #-3940]!	; 0xf64
 144:	73646c69 	cmnvc	r4, #26880	; 0x6900
 148:	3638782f 	ldrtcc	r7, [r8], -pc, lsr #16
 14c:	2d34365f 	ldccs	6, cr3, [r4, #-380]!	; 0xfffffe84
 150:	6e6b6e75 	mcrvs	14, 3, r6, cr11, cr5, {3}
 154:	2d6e776f 	stclcs	7, cr7, [lr, #-444]!	; 0xfffffe44
 158:	756e696c 	strbvc	r6, [lr, #-2412]!	; 0x96c
 15c:	6e672d78 	mcrvs	13, 3, r2, cr7, cr8, {3}
 160:	72612f75 	rsbvc	r2, r1, #468	; 0x1d4
 164:	696c2d6d 	stmdbvs	ip!, {r0, r2, r3, r5, r6, r8, sl, fp, sp}^
 168:	2d78756e 	cfldr64cs	mvdx7, [r8, #-440]!	; 0xfffffe48
 16c:	65756e67 	ldrbvs	r6, [r5, #-3687]!	; 0xe67
 170:	68696261 	stmdavs	r9!, {r0, r5, r6, r9, sp, lr}^
 174:	63672f66 	cmnvs	r7, #408	; 0x198
 178:	696c2d63 	stmdbvs	ip!, {r0, r1, r5, r6, r8, sl, fp, sp}^
 17c:	6f72616e 	svcvs	0x0072616e
 180:	392e342d 	stmdbcc	lr!, {r0, r2, r3, r5, sl, ip, sp}
 184:	3130322d 	teqcc	r0, sp, lsr #4
 188:	31302e37 	teqcc	r0, r7, lsr lr
 18c:	6174732d 	cmnvs	r4, sp, lsr #6
 190:	2f326567 	svccs	0x00326567
 194:	2d6d7261 	sfmcs	f7, 2, [sp, #-388]!	; 0xfffffe7c
 198:	756e696c 	strbvc	r6, [lr, #-2412]!	; 0x96c
 19c:	6e672d78 	mcrvs	13, 3, r2, cr7, cr8, {3}
 1a0:	62616575 	rsbvs	r6, r1, #490733568	; 0x1d400000
 1a4:	2f666869 	svccs	0x00666869
 1a8:	6762696c 	strbvs	r6, [r2, -ip, ror #18]!
 1ac:	47006363 	strmi	r6, [r0, -r3, ror #6]
 1b0:	4120554e 	teqmi	r0, lr, asr #10
 1b4:	2e322053 	mrccs	0, 1, r2, cr2, cr3, {2}
 1b8:	302e3432 	eorcc	r3, lr, r2, lsr r4
 1bc:	bb800100 	bllt	fe0005c4 <__bss_end+0x767fc958>
 1c0:	02000001 	andeq	r0, r0, #1
 1c4:	00001400 	andeq	r1, r0, r0, lsl #8
 1c8:	04010400 	streq	r0, [r1], #-1024	; 0x400
 1cc:	30000001 	andcc	r0, r0, r1
 1d0:	3c87802c 	stccc	0, cr8, [r7], {44}	; 0x2c
 1d4:	2f87802c 	svccs	0x0087802c
 1d8:	656d6f68 	strbvs	r6, [sp, #-3944]!	; 0xf68
 1dc:	7763742f 	strbvc	r7, [r3, -pc, lsr #8]!
 1e0:	75622d67 	strbvc	r2, [r2, #-3431]!	; 0xd67
 1e4:	73646c69 	cmnvc	r4, #26880	; 0x6900
 1e8:	6576616c 	ldrbvs	r6, [r6, #-364]!	; 0x16c
 1ec:	726f772f 	rsbvc	r7, pc, #12320768	; 0xbc0000
 1f0:	6170736b 	cmnvs	r0, fp, ror #6
 1f4:	742f6563 	strtvc	r6, [pc], #-1379	; 1fc <shift+0x1fc>
 1f8:	2d677763 	stclcs	7, cr7, [r7, #-396]!	; 0xfffffe74
 1fc:	656b616d 	strbvs	r6, [fp, #-365]!	; 0x16d
 200:	6c65722d 	sfmvs	f7, 2, [r5], #-180	; 0xffffff4c
 204:	65736165 	ldrbvs	r6, [r3, #-357]!	; 0x165
 208:	62616c2f 	rsbvs	r6, r1, #12032	; 0x2f00
 20c:	642f6c65 	strtvs	r6, [pc], #-3173	; 214 <shift+0x214>
 210:	656b636f 	strbvs	r6, [fp, #-879]!	; 0x36f
 214:	72742d72 	rsbsvc	r2, r4, #7296	; 0x1c80
 218:	79747375 	ldmdbvc	r4!, {r0, r2, r4, r5, r6, r8, r9, ip, sp, lr}^
 21c:	646d612d 	strbtvs	r6, [sp], #-301	; 0x12d
 220:	742d3436 	strtvc	r3, [sp], #-1078	; 0x436
 224:	2d677763 	stclcs	7, cr7, [r7, #-396]!	; 0xfffffe74
 228:	6c697562 	cfstr64vs	mvdx7, [r9], #-392	; 0xfffffe78
 22c:	61742f64 	cmnvs	r4, r4, ror #30
 230:	74656772 	strbtvc	r6, [r5], #-1906	; 0x772
 234:	6d72612f 	ldfvse	f6, [r2, #-188]!	; 0xffffff44
 238:	6e696c2d 	cdpvs	12, 6, cr6, cr9, cr13, {1}
 23c:	672d7875 			; <UNDEFINED> instruction: 0x672d7875
 240:	6165756e 	cmnvs	r5, lr, ror #10
 244:	66686962 	strbtvs	r6, [r8], -r2, ror #18
 248:	616e732f 	cmnvs	lr, pc, lsr #6
 24c:	6f687370 	svcvs	0x00687370
 250:	672f7374 			; <UNDEFINED> instruction: 0x672f7374
 254:	6c2d6363 	stcvs	3, cr6, [sp], #-396	; 0xfffffe74
 258:	72616e69 	rsbvc	r6, r1, #1680	; 0x690
 25c:	2e342d6f 	cdpcs	13, 3, cr2, cr4, cr15, {3}
 260:	30322d39 	eorscc	r2, r2, r9, lsr sp
 264:	302e3731 	eorcc	r3, lr, r1, lsr r7
 268:	696c2f31 	stmdbvs	ip!, {r0, r4, r5, r8, r9, sl, fp, sp}^
 26c:	63636762 	cmnvs	r3, #25690112	; 0x1880000
 270:	6e6f632f 	cdpvs	3, 6, cr6, cr15, cr15, {1}
 274:	2f676966 	svccs	0x00676966
 278:	2f6d7261 	svccs	0x006d7261
 27c:	3162696c 	cmncc	r2, ip, ror #18
 280:	636e7566 	cmnvs	lr, #427819008	; 0x19800000
 284:	00532e73 	subseq	r2, r3, r3, ror lr
 288:	6d6f682f 	stclvs	8, cr6, [pc, #-188]!	; 1d4 <shift+0x1d4>
 28c:	63742f65 	cmnvs	r4, #404	; 0x194
 290:	622d6777 	eorvs	r6, sp, #31195136	; 0x1dc0000
 294:	646c6975 	strbtvs	r6, [ip], #-2421	; 0x975
 298:	76616c73 			; <UNDEFINED> instruction: 0x76616c73
 29c:	6f772f65 	svcvs	0x00772f65
 2a0:	70736b72 	rsbsvc	r6, r3, r2, ror fp
 2a4:	2f656361 	svccs	0x00656361
 2a8:	67776374 			; <UNDEFINED> instruction: 0x67776374
 2ac:	6b616d2d 	blvs	185b768 <shift+0x185b768>
 2b0:	65722d65 	ldrbvs	r2, [r2, #-3429]!	; 0xd65
 2b4:	7361656c 	cmnvc	r1, #108, 10	; 0x1b000000
 2b8:	616c2f65 	cmnvs	ip, r5, ror #30
 2bc:	2f6c6562 	svccs	0x006c6562
 2c0:	6b636f64 	blvs	18dc058 <shift+0x18dc058>
 2c4:	742d7265 	strtvc	r7, [sp], #-613	; 0x265
 2c8:	74737572 	ldrbtvc	r7, [r3], #-1394	; 0x572
 2cc:	6d612d79 	stclvs	13, cr2, [r1, #-484]!	; 0xfffffe1c
 2d0:	2d343664 	ldccs	6, cr3, [r4, #-400]!	; 0xfffffe70
 2d4:	67776374 			; <UNDEFINED> instruction: 0x67776374
 2d8:	6975622d 	ldmdbvs	r5!, {r0, r2, r3, r5, r9, sp, lr}^
 2dc:	742f646c 	strtvc	r6, [pc], #-1132	; 2e4 <shift+0x2e4>
 2e0:	65677261 	strbvs	r7, [r7, #-609]!	; 0x261
 2e4:	72612f74 	rsbvc	r2, r1, #116, 30	; 0x1d0
 2e8:	696c2d6d 	stmdbvs	ip!, {r0, r2, r3, r5, r6, r8, sl, fp, sp}^
 2ec:	2d78756e 	cfldr64cs	mvdx7, [r8, #-440]!	; 0xfffffe48
 2f0:	65756e67 	ldrbvs	r6, [r5, #-3687]!	; 0xe67
 2f4:	68696261 	stmdavs	r9!, {r0, r5, r6, r9, sp, lr}^
 2f8:	625f2f66 	subsvs	r2, pc, #408	; 0x198
 2fc:	646c6975 	strbtvs	r6, [ip], #-2421	; 0x975
 300:	6975622f 	ldmdbvs	r5!, {r0, r1, r2, r3, r5, r9, sp, lr}^
 304:	2f73646c 	svccs	0x0073646c
 308:	5f363878 	svcpl	0x00363878
 30c:	752d3436 	strvc	r3, [sp, #-1078]!	; 0x436
 310:	6f6e6b6e 	svcvs	0x006e6b6e
 314:	6c2d6e77 	stcvs	14, cr6, [sp], #-476	; 0xfffffe24
 318:	78756e69 	ldmdavc	r5!, {r0, r3, r5, r6, r9, sl, fp, sp, lr}^
 31c:	756e672d 	strbvc	r6, [lr, #-1837]!	; 0x72d
 320:	6d72612f 	ldfvse	f6, [r2, #-188]!	; 0xffffff44
 324:	6e696c2d 	cdpvs	12, 6, cr6, cr9, cr13, {1}
 328:	672d7875 			; <UNDEFINED> instruction: 0x672d7875
 32c:	6165756e 	cmnvs	r5, lr, ror #10
 330:	66686962 	strbtvs	r6, [r8], -r2, ror #18
 334:	6363672f 	cmnvs	r3, #12320768	; 0xbc0000
 338:	6e696c2d 	cdpvs	12, 6, cr6, cr9, cr13, {1}
 33c:	2d6f7261 	sfmcs	f7, 2, [pc, #-388]!	; 1c0 <shift+0x1c0>
 340:	2d392e34 	ldccs	14, cr2, [r9, #-208]!	; 0xffffff30
 344:	37313032 			; <UNDEFINED> instruction: 0x37313032
 348:	2d31302e 	ldccs	0, cr3, [r1, #-184]!	; 0xffffff48
 34c:	67617473 			; <UNDEFINED> instruction: 0x67617473
 350:	612f3265 	teqvs	pc, r5, ror #4
 354:	6c2d6d72 	stcvs	13, cr6, [sp], #-456	; 0xfffffe38
 358:	78756e69 	ldmdavc	r5!, {r0, r3, r5, r6, r9, sl, fp, sp, lr}^
 35c:	756e672d 	strbvc	r6, [lr, #-1837]!	; 0x72d
 360:	69626165 	stmdbvs	r2!, {r0, r2, r5, r6, r8, sp, lr}^
 364:	6c2f6668 	stcvs	6, cr6, [pc], #-416	; 1cc <shift+0x1cc>
 368:	63676269 	cmnvs	r7, #-1879048186	; 0x90000006
 36c:	4e470063 	cdpmi	0, 4, cr0, cr7, cr3, {3}
 370:	53412055 	movtpl	r2, #4181	; 0x1055
 374:	322e3220 	eorcc	r3, lr, #32, 4
 378:	00302e34 	eorseq	r2, r0, r4, lsr lr
 37c:	Address 0x000000000000037c is out of bounds.


Disassembly of section .debug_abbrev:

00000000 <.debug_abbrev>:
   0:	10001101 	andne	r1, r0, r1, lsl #2
   4:	12011106 	andne	r1, r1, #-2147483647	; 0x80000001
   8:	1b080301 	blne	200c14 <shift+0x200c14>
   c:	13082508 	movwne	r2, #34056	; 0x8508
  10:	00000005 	andeq	r0, r0, r5
  14:	10001101 	andne	r1, r0, r1, lsl #2
  18:	12011106 	andne	r1, r1, #-2147483647	; 0x80000001
  1c:	1b080301 	blne	200c28 <shift+0x200c28>
  20:	13082508 	movwne	r2, #34056	; 0x8508
  24:	00000005 	andeq	r0, r0, r5

Disassembly of section .debug_aranges:

00000000 <.debug_aranges>:
   0:	0000001c 	andeq	r0, r0, ip, lsl r0
   4:	00000002 	andeq	r0, r0, r2
   8:	00040000 	andeq	r0, r4, r0
   c:	00000000 	andeq	r0, r0, r0
  10:	878029b8 			; <UNDEFINED> instruction: 0x878029b8
  14:	00000276 	andeq	r0, r0, r6, ror r2
	...
  20:	0000001c 	andeq	r0, r0, ip, lsl r0
  24:	01bf0002 			; <UNDEFINED> instruction: 0x01bf0002
  28:	00040000 	andeq	r0, r4, r0
  2c:	00000000 	andeq	r0, r0, r0
  30:	87802c30 			; <UNDEFINED> instruction: 0x87802c30
  34:	0000000c 	andeq	r0, r0, ip
	...
